video_id,title,publishedAt,channelId,channelTitle,categoryId,trending_date,tags,view_count,comment_count,comments_disabled
"qLZenOn7WUo","ELDEN RING Shadow of the Erdtree | Official Gameplay Reveal Trailer","2024-02-21T14:30:14Z","UCETrNUjuH4EoRdZNFx9EI-A","BANDAI NAMCO Europe","20","24.22.02","[none]","6293096","31902","False"
"0ER2hl7HUWI","Nintendo Direct: Partner Showcase 2.21.2024","2024-02-21T14:00:00Z","UCGIY_O-8vW4rfX98KlMkvRg","Nintendo of America","24","24.22.02","nintendo|game|gameplay|fun|video game|action|adventure|rpg|play|switch|nintendo switch|nintendo direct|nintendo direct 2024|nintendo direct feb 21|nintendo direct showcase|nintendo direct news|Nintendo Direct|nintendo direct 2.21.2024|new nintendo direct|nintendo direct new games|nintendo direct trailers|nintendo direct trailer|nintendo direct new|nintendo direct games|nintendo direct games 2024|new nintendo games|nintendo direct partner showcase|trailers","1836356","9467","False"
"lU_NKNZljoQ","Borderlands (2024) Official Trailer - Cate Blanchett, Kevin Hart, Jack Black","2024-02-21T17:00:04Z","UCJ6nMHaJPZvsJ-HmUmj1SeA","Lionsgate Movies","1","24.22.02","Borderlands|Borderlands 2024|Borderlands 2024 film|borderlands video game|borderlands 2024 official trailer|official trailer|trailer|borderlands official trailer|borderlands trailer|Cate Blanchett|Kevin Hart|Jack Black|Edgar Ram√≠rez|Ariana Greenblatt|Florian Munteanu|Gina Gershon|Jamie Lee Curtis|video game|adaptation|Pandora|Eli Roth|Joe Crombie|Tiny Tina|Lilith|video game movie","1254541","6360","False"
"6nSyhGxOI0c","mgk - dont let me go (Official Music Video)","2024-02-21T18:00:10Z","UCUs8sGiP4avNaYNVO22INhQ","mgk","10","24.22.02","mgk|machine gun kelly|dont let me go|I'm coming back|mgk dont let me go|bloody valentine|rap devil|my ex's best friend|bad things|maybe|home|I think I'm okay|Machine Gun Kelly lyrics|mgk lyrics|mgk tattoo|Machine Gun Kelly tattoo|forget me too|candy","660671","7366","False"
"c9vtuEH-vfk","Jeezy: Tiny Desk Concert","2024-02-21T17:00:08Z","UC4eYXhJI4-7wSWc8UNRwD4A","NPR Music","10","24.22.02","NPR|NPR Music|National Public Radio|Live|Performance|tiny desk|tiny desk concert|tony desk|tiny concert","333933","2480","False"
"1Zko_8h8qzc","Star Wars: Battlefront Classic Collection - Announce Trailer | PS5 & PS4 Games","2024-02-21T14:11:10Z","UC-2Y8dQb0S6DtpxNgAKoJKA","PlayStation","20","24.22.02","PlayStation|PS5|video games|next gen|Sony|battlefront|starwars|starwarsbattlefront|clonewars|darthvader|anakinskywalker|starwarsmemes|obiwankenobi|lukeskywalker|darthmaul|starwarsfan|jedi|revengeofthesith|sith|clonewarssaved|swbf|prequelmemes|gaming|starwarsdaily|#yoda|theclonewars|battlefrontii|clonetrooper|starwarsrebels|palpatine|babyyoda|starwarsgames","996289","5819","False"
"Xb0k6v9GLQA","How Dropshipping Ruined Online Shopping","2024-02-21T17:01:03Z","UC-oYqxpi6TO1J7BjQksSuOA","gabi belle","23","24.22.02","gabi belle|commentary|dropshipping","401883","1928","False"
"4rysq0UF6Nc","Beating Minecraft without a Keyboard","2024-02-21T07:01:32Z","UC0VVYtw21rg2cokUystu2Dw","SmallAnt","20","24.22.02","[none]","925044","1725","False"
"V4zx5XVTli8","Day 1 Highlights | F1 Pre-Season Testing 2024","2024-02-21T18:23:44Z","UCB_qr75-ydFVKSF9Dmo6izg","FORMULA 1","17","24.22.02","F1|Formula One|Formula 1|Sports|Sport|Action|GP|Grand Prix|Auto Racing|Motor Racing","1249499","1718","False"
"iBQnxDd1-0I","Hermitcraft 10: Episode 5 - MANIFESTING MENDING","2024-02-21T19:00:16Z","UCR9Gcq0CMm6YgTzsDxAxjOQ","Grian","20","24.22.02","hermitcraft season 10|grian|episode 5","1074478","9314","False"
"m0ARyXUATnE","Borderlands: Exclusive Trailer Preview (2024) Cate Blanchett, Kevin Hart | IGN Fan Fest 2024","2024-02-20T17:00:40Z","UCWJ5MfdQZ6jXbF5gYuSAf5Q","IGN Movie Trailers","24","24.22.02","Action|Borderlands|Borderlands: The Movie|Lionsgate|Sci-Fi|Theater|borderlands movie|borderlands movie trailer|borderlands|borderlands movie 2024|borderlands live action movie|borderlands sneak peek trailer|borderlands sneak peek movie trailer|borderlands trailer|borderlands live action|borderlands official trailer|borderlands the movie|borderlands movie trailer 2024|2024","526548","1229","False"
"jtCr22G07w0","Finding out we're pregnant again üíõ","2024-02-21T16:30:37Z","UCopNpXKBx_M48AiJjn20dhg","Jess and Gabriel","24","24.22.02","jess conte|gabriel conte|jess and gabriel|conte|jess|gabriel|married|marriage|wife|husband|husband and wife|couple|engaged|engagement|love|proposal|wedding|relationship|vlog|boyfriend|girlfriend|goals|fiance|family|challenge|long distance|dating|relationships|couples|pregnant|friendly|apartment|vlog channel|spouse","220926","1425","False"
"cA4wVhs3HC0","Civil War | Official Trailer 2 HD | A24","2024-02-20T14:00:33Z","UCuPivVjnfNo4mb3Oog_frZg","A24","1","24.22.02","a24|a24 films|a24 trailers|independent films|trailer|HD|official|movie|film|a24 movies|oscar winner|academy award winner","6018371","4864","False"
"KDiRwSeXbZM","Shin Megami Tensei V: Vengeance - Announce Trailer | NSW, PS4/5, Xbox Series One, X|S, Steam, PC","2024-02-21T14:05:04Z","UC7hgDFSPvJVIUx_b8i1cILA","Official ATLUS West","20","24.22.02","atlus|smt|smtv|smtvv|Shin Megami Tensei V: Vengeance|shin megami tensei|shin megami tensei v","290356","2573","False"
"JPbCWmwsYSY","üî¥Live - Elden Ring: Shadow of the Erdtree - Official Gameplay Reveal Trailer","2024-02-21T15:20:37Z","UC9N0DmacOi4iWKQyygX89OQ","FightinCowboy","20","24.22.02","walkthrough|let's play|guide|fightincowboy|fighting cowboy|fightin cowboy|lets play|gameplay walkthrough|elden ring|elden ring gameplay|Elden Ring FightinCowboy|elden ring reaction|Elden Ring First Impressions|Elden Ring|Elden Ring Let's Play|Elden Ring Walkthrough|Elden Ring Playthrough|Elden Ring LP|elden ring new gameplay|elden ring gameplay reaction|Elden Ring Guide|Elden Ring Part 1|Elden Ring Gameplay Walkthrough Part 1|Elden Ring Lets Play Part 1","182865","541","False"
"gJppKMxpgrI","EXCLUSIVE Elden Ring DLC Interview: Hidetaka Miyazaki on New Shadow Of The Erdtree Details","2024-02-21T16:00:33Z","UCciKycgzURdymx-GRSY2_dA","Eurogamer","20","24.22.02","[none]","144721","971","False"
"Nbp93_Tz50A","[BE ORIGINAL] LE SSERAFIM(Î•¥ÏÑ∏ÎùºÌïå) 'EASY' (4K)","2024-02-21T13:00:16Z","UCEIi7zFR_wE23jFncVtd6-A","STUDIO CHOOM [Ïä§ÌäúÎîîÏò§ Ï∂§]","10","24.22.02","M2|Ïó†Ìà¨|Ïä§ÌäúÎîîÏò§ Ï∂§|Ïä§Ï∂§|Studio choom|COVERS|Ïª§Î≤ÑÏä§|DANCE THE X|ÎåÑÏä§ Îçî ÏóëÏä§|ÎåÑÏä§|DANCE|ÎπÑ Ïò§Î¶¨ÏßÄÎÑê|BE ORIGINAL|Ïª§Î≤Ñ|COVER|Artist Of The Month|AOTM|Drop the dance|ÎìúÎ°≠ÎçîÎåÑÏä§|Mix & Max|ÎØπÏä§Ïï§Îß•Ïä§|ÎØπÏï§Îß•|Î•¥ÏÑ∏ÎùºÌïå|LE_SSERAFIM|lesserafim|easy|Î•¥ÏÑ∏ÎùºÌïå Ïù¥ÏßÄ|Î•¥ÏÑ∏ÎùºÌïå easy|lesserafim easy|ÍπÄÏ±ÑÏõê|ÌóàÏú§ÏßÑ|Ïπ¥Ï¶àÌïò|ÏÇ¨Ïø†Îùº|ÌôçÏùÄÏ±Ñ|KIM CHAEWON|HUH YUNJIN|KAZUHA|SAKURA|HONG EUNCHAE","1370620","2792","False"
"bIr2LK_65s0","Disney Epic Mickey: Rebrushed - Announcement Trailer - Nintendo Switch","2024-02-21T14:45:02Z","UCGIY_O-8vW4rfX98KlMkvRg","Nintendo of America","20","24.22.02","nintendo|game|gameplay|fun|video game|action|adventure|rpg|play|switch|nintendo switch|nintendo direct|nintendo direct 2024|nintendo direct feb 21|nintendo direct showcase|nintendo direct news|new nintendo direct|nintendo direct new games|nintendo direct trailers|nintendo direct trailer|nintendo direct games 2024|disney epic mickey|disney epic mickey trailer|disney epic mickey rebrushed|disney epic mickey nintendo direct|disney epic mickey rebrushed trailer","628140","3979","False"
"gm2Ywo25eX8","Dune: Part Two - Movie Review","2024-02-21T17:00:29Z","UCCqEeDAUf4Mg0GgEN658tkA","Chris Stuckmann","24","24.22.02","Dune: Part Two|Movie Review|Chris Stuckmann|Reviews|Film|Scene|Clip|Trailer|Teaser|2024|Dune|Frank Herbert|Sandworm|Worm|Timoth√©e Chalamet|Zendaya|Rebecca Ferguson|Javier Bardem|Josh Brolin|Austin Butler|Florence Pugh|Dave Bautista|Christopher Walken|L√©a Seydoux|Stellan Skarsg√•rd|Charlotte Rampling|Denis Villeneuve","227852","1116","False"
"yvuSl6rLleU","Dune: Part 2 - Movie Review","2024-02-21T17:00:55Z","UC7v3-2K1N84V67IF-WTRG-Q","Jeremy Jahns","24","24.22.02","dune|dune part 2|Denis Villeneuve|review|movie review","338432","1341","False"
"h7_5G8jo0cM","EATING 100 YEARS OF CANDY!!","2024-02-20T21:05:08Z","UC6xSN0oY2I9U_9xTo2RjE7g","Jeremy Hutchins","24","24.22.02","Jeremy Hutchins|Ben Azelart|Lexi Rivera|Brent Rivera|Stokes Twins|Andrew Davila|Dom Brack|Amp World|Pierson Wodzynski|David Dobrik|MrBeast|Faze Rug|Kat Hixson|Pierson|Airrack|Ryan Trahan|Preston|Matthew Beem|eating 100 years of mcdonalds|eating 100 years of school lunch|eating 100 years of fast food|eating 100 years of disney food|stay wild|100 years of food|MrBeast Bar|ryan trahan new candy|joyride candy|prime hydration|mcdonalds|Jordan Matter","1158785","1418","False"
"sZY0sg28rXc","Dead by Daylight | All Things Wicked | Official Trailer","2024-02-20T16:00:18Z","UCaSgsFdGbwjfdawl3rOXiwQ","Dead by Daylight","20","24.22.02","dead by daylight|dbd|behaviour interactive|bhvr|slasher game|survival horror","656418","2120","False"
"LrIRuqr_Ozg","What Happens AFTER Nuclear War?","2024-02-20T15:00:02Z","UCsXVk37bltHxD1rDPwtNM8Q","Kurzgesagt ‚Äì In a Nutshell","27","24.22.02","[none]","2141468","7547","False"
"Orp7aj1w8Eg","Jennifer Lopez - Rebound (Official Music Video)","2024-02-21T17:00:12Z","UCr8RjWUQ_9KYcIPmWiqBroQ","Jennifer Lopez","10","24.22.02","jennifer lopez|jlo|cant get enough|cant get enough jennifer lopez|jennifer lopez cant get enough|cant get enough official video|official music video|tate mcrae greedy|pop hotlist|tate mcrae type beat|billboard top 100|youtube music|this is me now|this is me now jennifer lopez|recommeneded for you|taylor swift type beat|taylor swift|single|latto type beat|jlo latto|latto cant get enough|greatest love story never told|greatest love story never told jlo","268766","1809","False"
"K-Smdz6jmdo","Star Wars: The Bad Batch Final Season | Final Mission","2024-02-21T19:00:08Z","UCZGYJFUizSax-yElQaFDp5Q","Star Wars","24","24.22.02","[none]","177375","266","False"
"o3DVF_AMBiU","Why did Austria / Austria-Hungary decline?","2024-02-21T18:15:01Z","UC22BdTgxefuvUivrjesETjg","History Matters","27","24.22.02","[none]","253141","1123","False"
"Ys_C745Deh4","I'm pregnant with baby #2!!!","2024-02-21T16:35:41Z","UCXUIoBT9vIZvjwcCphrj8Lw","Jess Conte","24","24.22.02","jess conte|jess bauer|jess and gabriel|gabriel conte|American|Australian|long distance|LDR|long distance couple|christian|christian youtuber|christian couple|vlog|daily vlog","173337","947","False"
"nf1SXEN0jnE","Our New Electric Jet That Can HOVER... This Thing is INSANE!!!","2024-02-20T23:34:12Z","UCMJbbWyIziiUamP5JKK9yAA","Cleetus2 McFarland","2","24.22.02","[none]","395670","1228","False"
"Og-mN9f81Rg","when you finally think of the perfect comeback","2024-02-21T13:00:31Z","UCCgK6peZI5-FKDCWzMIFk2A","Almost Friday TV","23","24.22.02","[none]","194143","991","False"
"VobTTbg-te0","CHALLENGERS | Official Trailer 2","2024-02-21T14:00:04Z","UCf5CjDJvsFvtVIhkfmKAwAA","MGM","24","24.22.02","MGM|MGM Studios|Metro-Goldwyn- Mayer|Metro Pictures Corporations|Goldwyn Pictures|Louis B. Mayer Pictures|MGM Pictures|United Artists|Metro MGM/UA|challengers|Mike Faist|Josh O‚ÄôConnor|Zendaya|challengers movie|challengers zendaya|challengers trailer|trailer|challengers official trailer|Luca Guadagnino|Zendaya Challengers|New Movies 2023|movie trailer|Challengers Trailer|Challengers Zendaya|challengers trailer 2|challengers official trailer 2","1823182","224","False"
"6PBJSoPMxKI","BossMan Dlow - ‚ÄúMr Pot Scraper‚Äù | From The Block Performance üéô","2024-02-19T20:01:44Z","UCE86oyLVAcsSkRAEWVtDUlA","4 Shooters Only","10","24.22.02","from the block|from the block performance|4 shooters only|Lil Mabu - TEACH ME HOW TO DRILL (Official Music Video) ft. Fivio Foreign|lil mabu|mabu|no snitching|ny drill|drill rap|new york music|maboo|lil maboo|new mabu|math lil mabu|lil mabu live|new york mabu rap|i could never snitch|lil mabu on the radar|trip to the hood|uk drill|fivio foreign|he can't say the word ima say it for em|when the face white|white boi but you my|welcome to the hood","591954","1078","False"
"IpzlNUx1P1E","Marvel‚Äôs Spider-Man 2 | Gameheads Partnership I PS5","2024-02-21T16:00:11Z","UCvC4D8onUfXzvjTOM-dBfEA","Marvel Entertainment","24","24.22.02","marvel|comics","280186","1780","False"
"_36O2MdngXs","bodies and secrets under the floorboard? The stinky serial killer | mystery and makeup","2024-02-19T20:00:12Z","UCtNdVINwfYFTQEEZgMiQ8FA","Bailey Sarian","24","24.22.02","Bailey sarian|youtube bailey sarian|bailey sarian youtube|bailey|mystery makeup monday|monday mystery makeup|mystery makeup|mystery makeup mondays|new makeup tutorial|makeup and story time|story time and makeup|story time|grwm|grwm and makeup|get ready with me and makeup|makeup grwm|flawless foundation|mystery monday|mystery|monday story time|dark history|history story|hilarious|true crime story|true crime|tiktok|tattoo tour|tattoos|90s makeup|grunge","926370","3279","False"
"KymTp7rnTiE","Residente, Silvia P√©rez Cruz, Pen√©lope Cruz - 313 (Official Video)","2024-02-21T00:00:09Z","UCMwXzr4_lGijScJsMp-IHxw","ResidenteVEVO","10","24.22.02","Residente|nueva musica|residente 2024|nueva musica residente|musica 2024 residente|rap 2024|nueva cancion residente|nuevo residente|residente penelope cruz|residente Silvia perez penelope cruz|ron en el piso residente|quiero ser baladista residente Ricky martin|problema cabron residente wos|bajo bater√≠a residente|colaboraciones residente|residente el cine|sundance residente|tiradera residente|las|letras|album","944452","5687","False"
"XhPXSnfRHag","Suicide Squad: Kill the Justice League | Fully Ramblomatic","2024-02-21T17:00:25Z","UC1wZGocgLvopgOqBUFCyIJA","Second Wind","20","24.22.02","Fully Ramblomatic|Suicide Squad: Kill the Justice League|Review|Yahtzee|Yahtzee Croshaw|Zero Punctuation|Second Wind","230196","1340","False"
"accWa7GGCd4","Kodak Black - Shampoo [Official Music Video]","2024-02-19T22:32:35Z","UChEYVadfkMCfrKUi6qr3I1Q","Kodak Black","10","24.22.02","kodak|black|kodak black|atlantic records|roll in peace|codeine dreaming|tunnel vision|drowning|transportin|heart break kodak|project baby 2|Kodak Black Bill Israel|Bill Israel|Sniper|Sniper Gang|Hip Hop|Rap|Kodak Black I Knew It|Kodak Bill Israel|Kodak Black Easter in Miami|Easter|Easter in Miami|Kodak Easter|Kodak Black Haitian Boy Kodak|Haitian Boy Kodak|Kodak Black HBK|HBK|Kodak Black Happy Birthday Kodak|Happy Birthday Kodak","859778","3325","False"
"U99WNABxlQQ","WE ARE HAVING A ?!? .. OUR INTIMATE GENDER REVEALüíôüíì","2024-02-19T20:00:19Z","UCTvgnaLSfM5nqrabqrRJXMg","LVE FAMILY","1","24.22.02","genderreveal|lauramellado|lvefamilygenderreveal|lauramelladolve|lovefamily|lvefamily|lauramelladoandvictorhallman|victootall|gender|genderpredictions|genderlauramellado|lovefamilygenderrevealparty|intimategenderreveal|intimatereveal|lauramelladoLVE|lauramelladobabygirl|lauramelladobabyboy","758482","1858","False"
"ye3blP4MxfE","LE SSERAFIM (Î•¥ÏÑ∏ÎùºÌïå) 'EASY' l Original Stage","2024-02-20T12:58:12Z","UCs-QBT4qkj_YiQw1ZntDO3g","LE SSERAFIM","10","24.22.02","LE SSERAFIM|Î•¥ÏÑ∏ÎùºÌïå|ÍπÄÏ±ÑÏõê|ÏÇ¨Ïø†Îùº|ÌóàÏú§ÏßÑ|Ïπ¥Ï¶àÌïò|ÌôçÏùÄÏ±Ñ|KPOP|ÏïÑÏù¥Îèå|Í±∏Í∑∏Î£π|4ÏÑ∏ÎåÄ|Idol|ÌïòÏù¥Î∏å|hybe|ÏºÄÏù¥Ìåù|ÎåÑÏä§|dance|ÏùåÏïÖ|ÎÖ∏Îûò|music|KIMCHAEWON|SAKURA|HUHYUNJIN|KAZUHA|HONGEUNCHAE|Î•¥ÏÑ∏ÎùºÌïå ÍπÄÏ±ÑÏõê|Î•¥ÏÑ∏ÎùºÌïå ÏÇ¨Ïø†Îùº|Î•¥ÏÑ∏ÎùºÌïå ÌóàÏú§ÏßÑ|Î•¥ÏÑ∏ÎùºÌïå Ïπ¥Ï¶àÌïò|Î•¥ÏÑ∏ÎùºÌïå ÌôçÏùÄÏ±Ñ|LE SSERAFIM KIMCHAEWON|LE SSERAFIM SAKURA|LE SSERAFIM HUHYUNJIN|LE SSERAFIM KAZUHA|LE SSERAFIM HONGEUNCHAE|„É´„Çª„É©„Éï„Ç£„É†|„Ç≠„É†„Éª„ÉÅ„Çß„Ç¶„Ç©„É≥|„Çµ„ÇØ„É©|„Éõ„Éª„É¶„É≥„Ç∏„É≥|„Ç´„Ç∫„Éè|„Éõ„É≥„Éª„Ç¶„É≥„ÉÅ„Çß","2046681","1990","False"
"IK5vLLC2Opo","2 PITCH 2 PERFECT","2024-02-20T22:05:51Z","UCuwUl4_fcRio_valO7_lxjA","Mike's Mic","24","24.22.02","mike's mic|mikesmic|commentary|pitch perfect 2|cup song","282564","1102","False"
"XTp80XJAOvA","Minecraft Hide and Seek Build Challenge","2024-02-20T18:00:16Z","UCzTlXb7ivVzuFlugVCv3Kvg","LDShadowLady","20","24.22.02","ldshadowlady|minecraft|mini game|girl gamer|pink hair|funny|walkthrough","348744","1070","False"
"rdD7je57_-4","The Sims 4 Crystal Creations Stuff Pack: Official Reveal Trailer","2024-02-20T15:58:07Z","UCFXKLSrT-4-Mf5TRqv40rgw","The Sims","20","24.22.02","The Sims 4|The Sims 4 Crystal Creations|Sims 4 Crystal Creations|The Sims 4 jewelry|Sims Crystal Creations|Crystal Creations|Crystal Creations Stuff Pack|Crystal Creations Pack|Stuff Pack|The Sims 4 Stuff Pack|Build/Buy|Sims 4|The Sims 4 Gameplay|The Sims Trailer|Game|Gamer|Games|Video Games|PC|Mac|Xbox One|PlayStation 4|TheSims4|The Sims|Sims|Maxis|Life Simulation|Life Simulator|Simlish|EA|Electronic Arts|Official Trailer|The Sims (Video Game)","347961","1762","False"
"iis_5y50Z8o","YoungBoy Never Broke Again - No Time [Official Music Video]","2024-02-19T22:00:17Z","UClW4jraMKz6Qj69lJf-tODA","YoungBoy Never Broke Again","10","24.22.02","YoungBoy Never Broke Again|NBA YoungBoy|YoungBoy Quando Rondo|YoungBoy Leak|Make No Sense YoungBoy|Youngboy Lost Motives|YoungBoy NBA Music Video|YoungBoy Never Broke Again TOP|nba youngboy top|YoungBoy NBA TOP album|7KTt4_M09Rw|0C80BSgjb8M|qChxuVxs8FA|dYk-yCsuTUo|6MCSr65d9Xc|ALimx-H8C6s|YoungBoy Never Broke Again Sincerely Kentrell|Sincerely Kentrell|Youngboy NBA Sincerely Kentrell|Sincerely Kentrell album|YBNBA Sincerely Kentrell|YB Sincerely Kentrell|Kentrell","1756067","7952","False"
"CGRrV1at878","Minecraft Build & Seek! W/LDShadowlady, Geminitay, SolidarityGaming & Shubble","2024-02-20T18:00:04Z","UCxucf8O8itcmkqu3d7yUavg","Dangthatsalongname","20","24.22.02","Scottish|Slang|Scotland|Funny|Accent|Guy","139952","303","False"
"OvezgDni8z4","Kingmakers - Official Announcement Trailer","2024-02-20T13:55:55Z","UCHLuN_JL66bD8fdJWmQ-gNw","tinyBuildGAMES","20","24.22.02","kingmakers|tinybuild|medieval game|medieval games|rts|rts game|shooter|Kingmakers|3rd person shooter|New game|Redemption Road|rts games|game reveal|Steam|Games in 2024|Early Access|PC Game|PC Games|Steam Game|Co-op game|co-op games|Multiplayer|Multiplayer game|Medieval England|Medieval crossover|games with guns|massive battles|simulation|Sandbox|kingmaker|kinmaker|kingmake|tinybuild game|Road Redemption","444267","810","False"
"CX7O-yUs0Mw","We Took 100 Shots vs an Amputee Keeper and Scored ___ Goals","2024-02-20T18:41:24Z","UCQ-YJstgVdAiCT52TiBWDbg","ChrisMD","24","24.22.02","[none]","1318056","1071","False"
"5Mam5b83gNQ","The Crypto Scamming Pastor","2024-02-19T19:03:45Z","UCoo-9GEm2mpyYIXSptrKIpA","2 Danny 2 Furious","22","24.22.02","danny gonzalez|dannygonzalez|funny|skit|vine comedy|vines","1101102","3346","False"
"LCiSmejZIRc","How To Make A $30,000 Titanium Exhaust For A $2,000,000 Flooded McLaren P1 FROM SCRATCH","2024-02-20T20:06:37Z","UC_pdgGV0XBUaF--L7g-dgAQ","2varish","22","24.22.02","mclaren|p1|flooded|titanium|uinobtanium|welding|how to|720s|675|650s|570s|lamborghini|ferrari|mat armstrong|goonzquad|jack builds it|car trek|restoration|rebuild|wrecked|copart","453265","606","False"
"5DU1OKiziX8","JACKPOT: 90,000sqft of Barn Find Heaven - Muscle Cars, Trucks, & more | Barn Find Hunter","2024-02-20T13:00:05Z","UCLgEVx4mzk3T3mzgbKG54Eg","Hagerty","2","24.22.02","Hagerty|Classic Car|Classic Cars|Hagerty Drivers Club|collector car|enthusiast car|collector cars|ford|chevy|chevrolet|pontiac|amc|jeep|buick|porsche|GTO|caprice|trans am|firebird|gmc|pickup|suburban|blazer|VQ|gulf|jetta|rabbit|wagon|le mans|monte carlo","256297","541","False"
"APWZGyUFVyQ","The Vault! - Hermitcraft 10 | Ep 04","2024-02-20T14:00:05Z","UCuMJPFqazQI4SofSFEd-5zA","impulseSV","20","24.22.02","minecraft hermitcraft|hermit craft|lets play minecraft|minecraft server|no swearing|family friendly|let's play|impulse|impulseSV|hermitcraft|minecraft|yt:quality=high|impulse hermitcraft|lets play|minecraft survival|impulse base|caves and cliffs|minecraft tutorial|minecraft mega base|hermitcraft mega base|gigabase|giga base|Hermitcraft Season 10|hermitcraft 10|season 10|hermitcraft server|hermitcraft x|hermitcraft new season|hermitcraft season x","283003","1621","False"
"kQwWBREqFNY","What Happens If The Sun Crashes Into Villagers?","2024-02-20T13:00:42Z","UCMYevdNaWmPbuIB0PdPc9ZQ","ZMDE","20","24.22.02","zmde|zmde minecraft|modded minecraft|minecraft villagers|minecraft villagers vs|10000 villagers vs","298035","322","False"
"RK1J8kC1sEY","How To Install a Pipeline Under a Railroad","2024-02-20T14:00:17Z","UCMOqf8ab-42UUQIdVoKwjlQ","Practical Engineering","27","24.22.02","[none]","388715","782","False"
"GHxPp44zcUg","Star Wars: The Bad Batch Final Season | 'Paths Unknown' Official Clip","2024-02-20T19:00:06Z","UCZGYJFUizSax-yElQaFDp5Q","Star Wars","24","24.22.02","the bad batch|star wars|lucasfilm|lucasfilm animation|hunter|wrecker|clones|animation","346770","733","False"
"zgBTwtg7H8E","Could you make an umbrella out of lasers?","2024-02-20T17:00:51Z","UC6IxnFzHofFJ5X2PycSMsww","xkcd's What If?","28","24.22.02","[none]","427742","979","False"
"ePL58jp9II0","Helldivers 2 is a wake up call","2024-02-20T15:30:10Z","UCPKhwe5ok7BLniu-WWVSrxw","Legendary Drops","20","24.22.02","hell divers|helldivers 2|hell divers 2","227190","1867","False"
"8_7Y7PE6oWg","Lee Know Love me or Leave me Cover (ÏõêÍ≥° : DAY6) | [Stray Kids : SKZ-RECORD]","2024-02-21T15:00:02Z","UC9rMiEjNaCSsebs31MRDCRA","Stray Kids","22","24.22.02","Stray Kids|Ïä§Ìä∏Î†àÏù¥ ÌÇ§Ï¶à|SKZ|Î∞©Ï∞¨|BANG CHAN|Î¶¨ÎÖ∏|Ïù¥ÎØºÌò∏|LEE KNOW|LEEMINHO|Ï∞ΩÎπà|ÏÑúÏ∞ΩÎπà|CHANGBIN|SEOCHANGBIN|ÌòÑÏßÑ|Ìô©ÌòÑÏßÑ|HYUNJIN|HWANGHYUNJIN|Ìïú|ÌïúÏßÄÏÑ±|HAN|JISUNG|HANJISUNG|ÌïÑÎ¶≠Ïä§|FELIX|ÏäπÎØº|ÍπÄÏäπÎØº|SEUNGMIN|KIMSEUNGMIN|ÏïÑÏù¥Ïóî|I.N|JEONGIN|SKZ RECORD|Ïä§ÌÇ§Ï¶à Ïª§Î≤Ñ|Ïä§Ìä∏Î†àÏù¥ÌÇ§Ï¶à Ïª§Î≤Ñ|ÏäºÏ¶àÎ†àÏΩîÎìú Î¶¨ÎÖ∏|Î¶¨ÎÖ∏ ÏäºÎ†à|Î¶¨ÎÖ∏ Î≥¥Ïª¨|lee know vocal|Î¶¨ÎÖ∏ ÎÖ∏Îûò|Ïä§ÌÇ§Ï¶à Î¶¨ÎÖ∏ ÏäºÏ¶àÎ†àÏΩîÎìú|lee know SKZ RECORD|Î¶¨ÎÖ∏ love me or leave me|lee know love me or leave me|Î¶¨ÎÖ∏ Ïª§Î≤Ñ|Î¶¨ÎÖ∏ Îç∞Ïù¥ÏãùÏä§|Îç∞Ïù¥ÏãùÏä§ love me or leave me|day6 love me or leave me|lee know day6 cover|Î¶¨ÎÖ∏ Îç∞Ïù¥ÏãùÏä§ Ïª§Î≤Ñ","1004755","30385","False"
"-fGyurkia4s","Jamie Took a Pregnancy Test (Raw Reaction)!","2024-02-20T01:00:00Z","UCvK5d4dVvVpez5s0eNpobMw","Hanging with the Hehners","22","24.22.02","Pregnancy|preggo|surprise|ttc|pregnant|hehner|announcement|baby|trying to conceive|helpful tips|mom life|dad life|family|real talk|doug|jamie|hanging|vlog|behind the scenes|positivity|mom|dad|fun|funny|reality tv|married at first sight|tv|family life|home|chat|feeling|praying|tips|blessing|helpful|real life|challenge|hot|intimate|sex|hope|relationship|married life|parenting|recovery|motivational|healing|relate|toddler talk|advice|from the heart|best life|love","219980","878","False"
"kHW-UVXOcLU","IU 'Shopper' MV","2024-02-20T09:00:37Z","UC3SyT4_WLHzN7JmHQwKQZww","Ïù¥ÏßÄÍ∏à [IU Official]","24","24.22.02","IU|ÏïÑÏù¥Ïú†|Ïù¥Îã¥|EDAM|Ïù¥ÏßÄÍ∏à|dlwlrma|Shopper|ÏáºÌçº|IU MV|MV|Music Video|DPR|DPR IAN|The Winning","3641402","8457","False"
"ImpteXpAAvc","Yeat - 2093 ALBUM REVIEW","2024-02-20T06:39:44Z","UCt7fwAhXDy3oNFTAzF2o8Pw","theneedledrop","10","24.22.02","album|review|music|reviews|indie|new|lyrics|listen|track|concert|live|update|the needle drop|anthony fantano|vlog|talk|discussion|music nerd|song","355354","2129","False"
"toFumbSMZdo","Daytona 500 ends with a 'Big One' | NASCAR Cup Series Extended Highlights","2024-02-20T01:28:33Z","UCuN9hYw2RpoAW8rZ3VK3isA","NASCAR","17","24.22.02","Daytona 500 ends with a 'Big One' | NASCAR Cup Series Extended Highlights|NASCAR|nascar|NASCAR Cup Series|nascar full race|nascar highlights|nascar youtube|#nascar|#NASCAR|next gen|nascar shorts|nascar on youtube|extended highlights|nascar on fox|FS1|NBC Sports|Ross Chastain|Chastain|nascar full race 2024|2024 season|nascar on netflix|netflix|nascar full speed|nascar full speed on netflix|netflix nascar documentary|daytona 500|william byron daytona 500","273557","455","False"
"8Ou7w3Sxk5E","A YouTuber Made the Most Insane Animated Movie Ever","2024-02-18T19:03:11Z","UC7zsxKqd5MicTf4VhS9Y74g","Kurtis Conner","23","24.22.02","kurtis conner|kurtis connor|our drawings","2004679","8379","False"
"XXKT6wkDvOU","Hermitcraft 10  - Episode 7: I finally asked him","2024-02-21T17:00:32Z","UCZ9x-z3iOnIbJxVpm1rsu2A","iskall85","20","24.22.02","iskall85|hermitcraft|hermit craft|hermitcraft 10|hermitcraft episode 1|hermitcraft season 10|hermitcraft hardcore|hermitcraft demise|hermitcraft ip|hermitcraft seed|hermitcraft season 10 episode 1|hermitcraft friends|mumbo|mumbojumbo|iskall|hermitcraft jokes|mumbo iskall|end bust hermitcraft|end bust","246048","1598","False"
"1Z8E4spViHE","Zooming in on the record-breaking quasar J0529-4351","2024-02-19T16:00:24Z","UCIhYoC2VIAJqCkoIWNHBQ3Q","European Southern Observatory (ESO)","28","24.22.02","ESO|European Southern Observatory|Europe|science|universe|space","87325","89","False"
"t6bBDAlpQZs","J.Y. Park, Stray Kids, ITZY, NMIXX - Like Magic M/V","2024-02-20T09:00:02Z","UCaO6TYtlC8U5ttz62hTrZgg","JYP Entertainment","10","24.22.02","JYP Entertainment|JYP|Kwave|CocaCola|CocaColaCreations|ÏΩîÏπ¥ÏΩúÎùº|ÌÅ¨Î¶¨ÏóêÏù¥ÏÖò|JYPark|Î∞ïÏßÑÏòÅ|Stray Kids|Ïä§Ìä∏Î†àÏù¥ ÌÇ§Ï¶à|SKZ|Ïä§ÌÇ§Ï¶à|Î∞©Ï∞¨|BANG CHAN|Î¶¨ÎÖ∏|LEE KNOW|Ï∞ΩÎπà|ÏÑúÏ∞ΩÎπà|CHANGBIN|SEOCHANGBIN|ÌòÑÏßÑ|Ìô©ÌòÑÏßÑ|HYUNJIN|HWANGHYUNJIN|Ìïú|ÌïúÏßÄÏÑ±|HAN|HANJISUNG|ÌïÑÎ¶≠Ïä§|FELIX|ÏäπÎØº|ÍπÄÏäπÎØº|SEUNGMIN|KIMSEUNGMIN|ÏïÑÏù¥Ïóî|ÏñëÏ†ïÏù∏|I.N|skz|skz music video|Ïä§ÌÇ§Ï¶à ÎÆ§ÏßÅÎπÑÎîîÏò§|ITZY|ÏûàÏßÄ|„Ç§„ÉÉ„ÉÅ|ÏòàÏßÄ|Î¶¨ÏïÑ|Î•òÏßÑ|Ï±ÑÎ†π|Ïú†ÎÇò|YEJI|LIA|RYUJIN|CHAERYEONG|YUNA|MV|ITZY MV|ITZY MUSIC VIDEOS|Teaser|NMIXX|ÏóîÎØπÏä§|Î¶¥Î¶¨|LILY|LILY M|Ìï¥Ïõê|HAEWON|Ïò§Ìï¥Ïõê|ÏÑ§Ïú§|SULLYOON|ÏÑ§Ïú§ÏïÑ|Î∞∞Ïù¥|BAE|Î∞∞ÏßÑÏÜî|ÏßÄÏö∞|JIWOO|ÍπÄÏßÄÏö∞|Í∑úÏßÑ|KYUJIN|Ïû•Í∑úÏßÑ","1947704","12442","False"
"nCtVrvF43r0","When a Show Airs For Too Long","2024-02-19T20:14:41Z","UCRELfrtyz_teOEQXjF04BIA","LS Mark","24","24.22.02","LS Mark|LS Mark Simpsons|LS Mark Family Guy|LS Mark Spongebob|The Simpsons|When a Show Airs For Too Long|Family Guy|Spongebob|Spongebob Squarepants|Brian Griffin|LS Mark Brian Griffin|Grey's Anatomy|Friends|The Office|The Office Steve Carrell Leaves|Seasonal Rot|Flanderization|Ned Flanders|New Spongebob|New Simpsons","367096","1559","False"
"vF0t1NEjr6s","The Friends With Adam Sandler Effect","2024-02-19T20:15:01Z","UC-mP1nlk0qOutA08zuQHORA","Patrick Cc:","24","24.22.02","patrickcc|patrickcctv|patrick cc|patrick Cc:|adam sandler chris farley song|adam sandler full movies|adam sandler movies|adam sandler snl|adam sandler friends in all movies|adam sandler friends talk about him|adam sandler friends speech|adam sandler and rob schneider friendship|adam sandler helping friends|friends with adam sandler|adam sandler spaceman|adam sandler paradox|norm macdonald and adam sandler|how adam sandler spent $420 million|david spade","1048920","2222","False"
"np2YF_77utU","NRL Pre-Season 2024 | Bulldogs v Storm | Match Highlights","2024-02-15T10:05:12Z","UC33-OkQ6VCYk8xtml8Pk4-g","NRL - National Rugby League","17","24.22.02","NRL|National Rugby League|Games|Matches|Highlights|Rugby|Telstra Premiership|Fox Sports|State of Origin|Nine|NRL Highlights|NRL Game Highlights|Rugby League Highlights|Rugby League|NRL Full Match|NRL Live|Watch NRL|NRL Match Highlights|Rugby league highlights|NRL 2023|NRL 2023 highlights|NRL23|NRL23 highlights|NRL scores|nrl schedule|nrl draw|NRL pre-season|NRL trials","146778","147","False"
"35lvzLfrTLA","100 Hours At The World's Worst Amusement Park!","2024-02-18T21:33:28Z","UCPpATKqmMV-CNRNWYaDUwiA","Alexa Rivera","24","24.22.02","[none]","1765180","2867","False"
"Ve4jogLG9is","The Fujifilm X100VI Is (Nearly) Everything We Wanted!","2024-02-20T06:00:18Z","UCoJP9pYqZjiJOlR4UWdPhow","PetaPixel","28","24.22.02","PetaPixel|Jordan Drake|Chris Niccolls|Chris Nichols|Jordon Drake|fuji x100 6|fuji x100 VI|Fujifilm FX100 6|Fujifilm X100VI|fuji x100VI|best camera for street photography|best travel camera|best fuji x100|best fujifilm x100|fuji x100v vs x100 vi|fuji x100v vs x100vi|fuji x100 vi review|fujifilm x100 vi review|fuji x100vi review|best compact camera|best small mirrorless camera|best retro digital camera|dpreview|dpreview tv","226765","756","False"
"4L01lVKfWKk","I Confronted YouTubes 'Scary' New CEO","2024-02-20T18:30:20Z","UCrPseYLGpNygVi34QpGNqpA","Ludwig","20","24.22.02","ludwig|ludwigahgren|ahgren|gaming|chat|stream|decides|lud","773141","2335","False"
"zkld1uJdlKI","10 NEW Costco Deals You NEED To Buy in February 2024","2024-02-18T19:02:33Z","UC5Qbo0AR3CwpmEq751BIy0g","The Deal Guy","28","24.22.02","the deal guy|costco|costco store|costco secrets|costco haul|costco shopping|costco shop with me|flavcity|costco tips|costco shopping secrets|costco canada|costco australia|costco deals|costco 2024|2024 costco|what to buy at costco|10 things you should buy at costco|Things You Should ALWAYS Buy at Costco|best things costco|costco shopping 2024|new at costco|costco december 2024|costco december|december costco|december costco 2024|shopping|new costco","1217200","969","False"
"Jbc_KOoCu2A","Anthony Joshua vs. Francis Ngannou: Face Off","2024-02-19T11:03:39Z","UCurvRE5fGcdUgCYWgh-BDsg","DAZN Boxing","17","24.22.02","dazn|boxing|highlights|full fight|ko|knockout|top 10|The DAZN Boxing Show|Pelea|Boxeo|Pugile|dazn boxing|anthony joshua|francis ngannou|aj ngannonu|aj vs ngannou|aj ngannou face off|the face off|aj ngannou|knock out chaos|riyadh|riyadh season|tyson fury|fury ngannou|fury aj|fury anthony joshua","1590275","6868","False"
"xEmlE9Ianuo","Avatar: The Last Airbender | Final Trailer | Netflix","2024-02-20T16:00:00Z","UCWOA1ZGywLbqmigxE4Qlvuw","Netflix","24","24.22.02","Avatar the last airbender|Netflix|aang|arden cho|avatar state|azula|dallas liu|daniel dae kim|elizabeth yu|fire lord ozai|gordon cormier|ian ousley|katara|kiawentiio tarbell|paul sun-hyung lee|sokka|trailer|uncle iroh|zuko","1948309","5736","False"
"zNgI7Lv2C1o","JJ Redick On Fixing This Awful NBA All-Star Game","2024-02-19T16:21:01Z","UCbPY1Efha9VPRBYW2x1M16A","JJ Redick","17","24.22.02","jj redick|jj redick youtube|jj redick podcast|jj redick youtube channel|the old man and the three|nba|jj redick espn|espn|first take|nba highlights|jj redick interview|nba all star game|all star game|jj redick all star game|all star game highlights|2024 nba all star game|tyrese haliburton|tyrese haliburton highlights|luka doncic|luka doncic highlights|jj redick luka doncic|jj redick damian lillard","578850","3536","False"
"ilvh7PShS9c","My Daughter Survives WORLD'S STRICTEST PARENTS","2024-02-17T15:00:07Z","UCKaCalz5N5ienIbfPzEbYuA","Jordan Matter","24","24.22.02","jordan matter|challenge|Salish matter|say say matter|nalish|rebecca zamolo|elliana walmsley|dance moms|matt slays|zadie zamolo|jentzen|dating|makeup|sephora|strict|spoiled|mall|goats|Matter Cup","9401721","13541","False"
"-Y_TWPbmiRE","Why a Tire Company Gives Out Food‚Äôs Most Famous Award","2024-02-20T16:00:00Z","UCsaGKqPZnGp_7N80hcHySGQ","Tasting History with Max Miller","27","24.22.02","tasting history|food history|max miller|michelin star recipes|michelin star chef|michelin star restaurants|michelin history|bibendum|michelin man history|eugenie brazier|mere brazier","401084","1704","False"
"wokhvcDf-no","I BOUGHT A WRECKED BMW M3 THAT CRASHED INTO A HOUSE","2024-02-19T18:04:14Z","UCcLYOTz3ct6_lk9iLToxxAw","Mat Armstrong","2","24.22.02","bmw m3|mat armstrong|matt armstrong|rebuilding a wrecked car|crash damaged|wrecked m3|g80|crash|wrecked|restoring|m3 competition","1972527","4076","False"
"p_RaeZZKhs8","Film Theory: FNAF, I Know How the Movie Trilogy Ends!","2024-02-18T18:05:00Z","UC3sznuotAs2ohg_U__Jzj_Q","The Film Theorists","1","24.22.02","fnaf|five nights at freddy‚Äôs|five nights at freddys|vanessa|vanny|fnaf vanessa|fnaf movie trailer|fnaf movie review|fnaf movie|fnaf trailer|fnaf lore|fnaf theory|fnaf timeline|five nights at freddys song|security breach|fnaf security breach|fnaf ruin|five nights at freddys ruin|ruin lore|fnaf ruin theory|steel wool|josh hutcherson|film theory|film theorists|matpat|game theory|matpat fnaf|matpat fnaf movie|movie|movies|new movies|fnaf movie 2","1861353","5662","False"
"JaOiKl6Yehc","Stephen Curry Puts on a Show at 2024 NBA All-Star Game","2024-02-19T04:03:41Z","UCeYc_OjHs3QNxIjti2whKzg","Golden State Warriors","17","24.22.02","Golden State Warriors|Golden State|Warriors|GSW|Dubs|DubNation|Dub Nation","640918","308","False"
"xFu95Y8ZFTI","Guy Bought A Barn And Finds Out It Comes With A Stray Cat | The Dodo","2024-02-18T18:00:32Z","UCINb0wqPz-A0dV9nARjJlOQ","The Dodo","15","24.22.02","animal video|animals|the dodo|Animal Rescue|dodo|cute animals|pets|wildlife|pet videos|wildlife videos|animals the dodo|the dodo animals|rescuing animals","4152238","1541","False"
"lQwc3EBW0Sc","Inside a Chinese Ghost Town of Abandoned Mansions | WSJ","2024-02-19T17:00:41Z","UCK7tptUDHh-RYDsdxO1-5QQ","The Wall Street Journal","25","24.22.02","china|china news|china property crisis|china real estate|china real estate crisis|real estate bubble|ghost town|ghost city|inside ghost town|shenyang china|greenland group|state guest mansion china|state guest mansions shenyang|default on debt|abandoned homes|china homes|chinese construction|home model ptc|china housing bubble|developer defaults|exploring abandoned places|inside empty homes|evergrande liquidation|evergrande group|evergrande|wonews","1270128","2026","False"
"ObnVqcD1qC0","HENRY CAVILL Joins The Marvel Universe","2024-02-18T19:36:12Z","UCDiFRMQWpcp8_KD4vwIVicw","Emergency Awesome","24","24.22.02","Marvel|Marvel Henry Cavill|Emergency Awesome|Captain Britain Henry Cavill Trailer|Deadpool and Wolverine Trailer|Deapdool Wolverine Trailer|Trailer|Deapool|Deadpool 3 Trailer|Deadpool and Wolverine|Deadpool 3|deadpool and wolverine trailer|trailer|Deadpool 3 Teaser Trailer|Wolverine|Marvel Reboot|MCU Reboot|Deadpool 3 Wolverine|Movies|emergencyawesome|Charlie Schneider|2024|Deadpool|Avengers Secret Wars|Avengers 5 Trailer|Fantastic Four Trailer","1627657","1938","False"
"eczyh85wYhs","Why I Quit YouTube.","2024-02-19T02:00:12Z","UCUNSNLJINivbSu-Yg9hk13w","itsjusta6","2","24.22.02","camaro|corvette|drag|race|z06|zl1|ss|chevy|hellcat|dodge|horsepower|supercharged|turbo|nitrous|Ford|Mustang|gt350|racing|coyote|tune|voodoo|tires|wheels|motorcycle|honda|crash|bikes|truck|Silverado|lowered|gtr|nissan|supercar|racecar|fast|supercharger|mustang|ford|car|cars|offroad|don't lose sight|quit|quitter|drama|dramatic|stop|upload|uploading|itsjusta6|Gavin simon|gavin|gone|missing|new|videos|where|how|why","223389","1176","False"
"0xFj7UQqDH8","Israel Adesanya Reacts to Ilia Topuria's SHOCKING Knock Out of Alex Volkanovski at UFC 298","2024-02-18T23:27:15Z","UC1oigGPZ4A6atKCnj17ow8Q","FREESTYLEBENDER","17","24.22.02","ilia topuria|ufc 298|alexander volkanovski|ufc 300|ian garry|paulo costa|conor mcgregor|alexander volkanovski vs ilia topuria|alex volkanovski|mma news|robert whittaker|dana white|ufc 298 reaction|henry cejudo|merab dvalishvili|mixed martial arts|alexander volkanovski vs ilia topuria reaction|ian garry vs geoff neal|ufc reaction|espn ufc|joe rogan|ilia topuria highlights|israel adesanya|stylebender|ufc 298 highlights|ufc 298 full fight","1010834","2791","False"
"W0iQguIT_yE","MASSIVE ANNOUNCEMENT!","2024-02-17T17:13:43Z","UC4-79UOlP48-QNGgCko5p2g","MrBeast 2","22","24.22.02","[none]","6757084","14858","False"
"yFL9adCMFwM","David Tennant's hilarious opening monologue | EE BAFTA Film Awards 2024","2024-02-18T19:24:52Z","UCtggghgcffr7-OSjiRXRM3Q","BAFTA","24","24.22.02","bafta|bafta 2024|baftas 2024|David Tennant|Opening Monologue|David Tennant Host|BAFTA Host|Funny","683494","611","False"
"TKi1de9UuB8","Craziest Month Yet Living In An Abandoned Ghost Town!","2024-02-18T21:00:12Z","UCEjBDKfrqQI4TgzT9YLNT8g","Ghost Town Living","22","24.22.02","[none]","472491","3281","False"
"ggqXttEhWlY","NORWAY'S BIGGEST PIZZA CHALLENGE HAS NEVER BEEN BEATEN! | BeardMeatsFood","2024-02-18T19:00:23Z","UCc9CjaAjsMMvaSghZB7-Kog","BeardMeatsFood","22","24.22.02","calorie challenge|mukbang|cheat day|cheat meal|man vs food|eating challenge|eating challenge uk|food challenge|matt stonie|beardmeatsfood|beard meats food|beard meets food|beard vs food|adam moran|british competitive eater|fitness|eating channel|eating show|10000 calorie challenge|10k|massive eating challenge|huge eating challenge|100000 calorie challenge|pizza|pizza challenge|norway food challenge|osloves|oslo food challenge|oslo","2588680","4165","False"
"DuvpOwkztyQ","I Built A Working Vending Machine In Minecraft","2024-02-18T12:00:14Z","UCOVTTjN8BndrmcamYQ8MWxg","Carvs","20","24.22.02","carvs minecraft|Carvs|Carves Minecraft|hardcore minecraft|Minecraft|minecraft hardcore","1035884","2116","False"
"_7JbKVA-mEk","Minecraft Hermitcraft :: A Life to Remember","2024-02-18T16:00:18Z","UClu2e7S8atp6tG2galK9hgg","BdoubleO100","20","24.22.02","minecraft|hermitcraft|bdoubleo|bdubs|bdoubleo100|bdouble0|minecraft hermitcraft|hermitcraft season 10|hermitcraft 10|hermitcraft X","422059","1650","False"
"ggWZoH9PeIU","Camping in Alaska's Deepest Snow with a Dugout Survival Shelter","2024-02-17T12:00:27Z","UCfpCQ89W9wjkHc8J_6eTbBg","Outdoor Boys","24","24.22.02","survival shelter|dugout|dugout shelter|dugout shelter winter|winter survival shelter|camping|solo camping|solo winter camping|survival camping|Survival|wilderness survival|snow cave camping|snow cave|quinzee|igloo|winter shelter|camping in snow storm|camping in blizzard|camping in snow|snow camping|cold weather camping|extreme survival camping|bushcraft|bushcraft camping|camping in dugout|dugout shelter build|building survival shelter|Alaska|Deep snow","4917134","0","True"
"hGzM3VQcsb4","I tried finding the best Soy Sauce in the world.","2024-02-18T16:45:01Z","UCDq5v10l4wkV5-ZBIJJFbzQ","Ethan Chlebowski","22","24.22.02","Ethan Chlebowski|japanese soy sauce|best soy sauce|soy sauce|kikkoman soy sauce|types of soy sauce|different types of soy sauce|soy sauce recipe|how to make soy sauce|chinese soy sauce|chinese cooking|soy sauce chicken|soy sauce review|best soy sauce for sushi|soy sauce fried rice|best soy sauce for fried rice|best soy sauce brand|best soy sauce in japan|soy sauce recipe for rice","416303","1464","False"
"6xWXRk3yaSw","This is the Worst Car I've Ever Reviewed","2024-02-17T23:45:42Z","UC2J-0g_nxlwcD9JBK1eTleQ","Auto Focus","22","24.22.02","Fisker Ocean|Fisker|Ocean|Fisker car|electric car|worst electric car|MKBHD|Auto Focus","2558812","8061","False"
"FvdLzafIIas","UPDATE | Volkanovski On UFC 298 Loss to Topuria","2024-02-19T05:34:16Z","UCsPqePbdUlmkyUYCaYg9qkw","Alexander Volkanovski","17","24.22.02","[none]","581979","7268","False"
"FDtzJ1OaSVE","NURSERY MAKEOVER *Vintage, Collected & Inspired for Baby Boy* (Part 2) | BEFORE & AFTER","2024-02-19T00:17:19Z","UCXkbaLJq7IxOfR2ITAinsOQ","XO, MaCenna","26","24.22.02","diy|xo macenna|macenna lee|mckenna|home decor|interior design|nursery makeover|baby nursery design|decorate with me|baby boy nursery|nursery inspo|room makeover","249963","1903","False"
"PLUhJmqHd1s","skibidi toilet 70 (full episode)","2024-02-18T00:00:14Z","UCsSsgPaZ2GSmO6il8Cb5iGA","DaFuq!?Boom!","24","24.22.02","sfm animation|skibidi toilet vs cameramen|skibidi toilet|scientist skibidi|tv woman|titan cameraman|titan speakerman|skibidi toilet all episodes|titan tv man","17546783","28571","False"
"VqpQo5B21Wk","I Melted Every Gum Brand & Flavor Into One Piece","2024-02-17T22:08:23Z","UC3wc2MERkKAqNEtaiQslC-A","Hangtime","24","24.22.02","[none]","1458504","3683","False"
"D8SACQ8AgkU","A MAD DASH OUT OF CHINA (our first sail)","2024-02-18T14:00:09Z","UCBo9TLJiZ5HI5CXFsCxOhmA","Gone with the Wynns","19","24.22.02","Gone With the Wynns|the Wynns|Sailing|Catamaran|Sailboat|Sail Around the World|Cruising|Nikki and Jason Wynn|Blue Water Cruising|Ocean|Sailing for Beginners|Circumnavigation|Life on a Yacht|Living on a Yacht|Boat life|lifestyle|curiosity|travel|adventure|off grid|tiny house|living on a sailboat|Gone With The Wind Sailing|self reliance|sustainablity|Sailing Out of China|Sailing the Taiwan Straights|Sailing China|Sailing to the Philippines|HH44|HH Catamaran|HH","375040","2611","False"
"7hYbrdC_-s8","Usher‚Äôs Apple Music Super Bowl Halftime Show","2024-02-12T07:14:05Z","UCDVYQ4Zhbm3S2dlz7P1GBDg","NFL","17","24.22.02","NFL|Football|American Football|sport|sports","22487104","36955","False"
"PnumTDnoIyo","WEST vs. EAST | FULL GAME HIGHLIGHTS | 2024 #NBAAllStar","2024-02-19T03:56:28Z","UCWJ2lWNubArHWmf3FIHbfcQ","NBA","17","24.22.02","Basketball|G League|NBA|game-0032300001","1680612","4147","False"
"EvrZoRRiP30","A Special Day I Will Never Forget..","2024-02-17T16:05:31Z","UCja7QUMRG9AD8X2F_vXFb9A","The Royalty Family","22","24.22.02","The Royalty Family|Royalty Family|Andrea Espada|Family Friendly|Royalty|Royal Family|The Royal Family|Royalty Fam|The Royalty Fam|Realty Family|Roti Family|Family Vlog|royalty family|royalty|royal|royalty fam|Ali andrea|Andrea ali|royalty gaming|royalty family baby|royalty baby|challenge|Jordan matter|Rebecca zamolo|Dhar maan|ferran|emotional|eating|the Cutest Valentines day surprise|surprise|valentines|cute surprise|ferran surprise","3069416","4429","False"
"O17DfQco2JQ","San Francisco 49ers vs. Kansas City Chiefs | Super Bowl LVIII Game Highlights","2024-02-12T04:46:24Z","UCDVYQ4Zhbm3S2dlz7P1GBDg","NFL","17","24.22.02","[none]","9961892","15314","False"
"tKbObjo_68A","The FULL 2024 NBA #ATTSlamDunk Contest! üëÄ | 2024 #NBAAllStar","2024-02-18T04:11:04Z","UCWJ2lWNubArHWmf3FIHbfcQ","NBA","17","24.22.02","Basketball|G League|NBA","4144027","6291","False"
"IbAWb-NmFHs","RANKED Meme Olympics","2024-02-19T01:19:25Z","UCw1SQ6QRRtfAhrN_cjkrOgA","LazarBeam","20","24.22.02","[none]","3162281","2506","False"
"KOEfDvr4DcQ","Face Your Biggest Fear To Win $800,000","2024-02-10T17:00:00Z","UCX6OQ3DkcsbYNE6H8uQQuVA","MrBeast","24","24.22.02","[none]","126515699","165367","False"
"o9VBIBx4ctQ","Jaromir Jagr's Jersey Retirement Ceremony | Celebrate 68","2024-02-18T22:08:09Z","UCykaXC_7OKsseaCnnq1bF-A","Pittsburgh Penguins","17","24.22.02","pittsburgh penguins|pens|sidney crosby|mario lemieux|jaromir jagr|evgeni malkin|ron francis|bryan trottier|jake guentzel|brian dumoulin|tristan jarry|kris letang|alex letang|bryan rust|marcus pettersson|hockey|nhl|national hockey league|ice hockey|stanley cup|pittsburgh|kyle dubas|erik karlsson","202912","369","False"
"JxUbqq8fbxk","Closing Our Restaurant","2024-02-18T14:44:58Z","UCh8gHdtzO2tXd593_bjErWg","Doobydobap","22","24.22.02","vlog|foodie|korean","644875","1996","False"
"Fslze3x1U9Q","Dana White talks Alex Volkanovski KO; Announces UFC 300 Main Event | UFC 298 Post Press Conference","2024-02-18T07:42:32Z","UC789h3eqw0H1HqGmIsI26OA","TheMacLife","17","24.22.02","Conor McGregor|UFC|Dana White|MMAFighting|MMAJunkie|TheMacLife|Mac Life|UFC weigh in|ESPN MMA|Jorge Masvidal|Conor McGregor interview|UFC weigh ins|dana white press conference|conor mcgregor highlights|McGregor Poirier|jake paul|Nick Diaz|jon jones|tyson fury|logan paul|Nate Diaz|Khamzat Chimaev|khamzat|Adesanya|jones gane|jon jones highlights|Adesanya Strickland|Sean Strickland|Sean Strickland funny|UFC 295|Aspinall|Face off|staredown|weigh in","657690","2415","False"
"30KVuRD2o4s","David Tennant's HILARIOUS Opening Sketch üê∂ | BAFTA Film Awards 2024 - BBC","2024-02-18T19:11:09Z","UCCj956IF62FbT7Gouszaj9w","BBC","24","24.22.02","Bafta 2024|bafta film 2024|bafta winner 2024|Bata film awards|award nomination|Bafta best film|film awards|movie awards|best film|best movie|cinema|best cinema|awards season|oscars|academy award winner|British film|best films 2024|award winning films|best award winning films|British film and television awards|ee bafta awards","989176","588","False"
"Xkk9Hi1RLgA","I Built the ULTIMATE TREEHOUSE - Rust","2024-02-17T20:08:08Z","UCg4XK-l40KZD7fLi12pJ1YA","Welyn","20","24.22.02","welyn|Rust Solo Survival|Rust PVP Highlights|Survival Games|Rust Gameplay|Rust Funny Moments|Rust raids|rust island|rust plays|rust roleplayer|rust clans|rust solo|rust best start ever|rust fastest start ever|rust base build|rust jackpot raid|Rust|welyn rust|rust survival|rust movie|rust server|rust streamer|rust revenge|welyn clan|solo survival|rust raid|rust gameplay|rust rivals|rust castle|rust base|rust treehouse|treehouse","584168","825","False"
"WOKyb3OW0do","I Built A $25,000 Super Mario Castle For My Cat!","2024-02-17T16:51:14Z","UCR_J_SntqJh5eXw66d5hJxA","Matthew Beem","22","24.22.02","mbeem10|matthew beem|beem team|matthew beam|cat house dream cat house|luxury cat house|cat|golden retriever|$25000 cat house|dream cat house|brent rivera|ben azelart|lexi rivera|heated cat house|best cat houses|Luxurious cat Houses|cat houses|crazy cat houses|building a dream house for homeless cats|Brianna|barbie dream house cat|dream house for cat|i built a dream cat house|kitty|aquarium info|cats|super mario|mario|super mario movie|mario castle","1000284","842","False"
"LmweChiEKiQ","Junior H x Peso Pluma - A Tu Manera [Video Oficial]","2024-02-16T23:00:08Z","UCRRmSKkhOKEO6vIBaxG-ejA","Junior H","10","24.22.02","Junior H x PesoPluma - A Tu Manera [Video Oficial]|A Tu Manera|Junior H|Peso Pluma|Peso Pluma A Tu Manera|Junior H A Tu Manera|A ti manera|Sad Boyz|sad boyz for life|sad boyz for life 2|peso pluma lady gaga|peso pluma ella baila sola|peso pluma kali uchis|junior h y lloro|Junior Peso Pluma|Junior Peso|Junior A Tu Manera|Peso A Tu Manera|Junior Sad Boyz|Junior Sad Boys|Musica Mexicana|Junior h 2024|Junior h Corridos tumbados|Junior H Sad boyz","3560606","7567","False"
"jQwwOS66jT4","Cello-Playing Med Student Attacked in Subway","2024-02-18T13:04:04Z","UC9k-yiEpRHMNVOnOi_aQK8w","Inside Edition","25","24.22.02","crime|new York|caught on camera|Inside edition|inside_edition|ie newsdesk|new york|manhattan|mt. sinai|subway attack|ian forrest|musician|medical student|herald square|ann mercogliano|random attack|assault|hospital|cellist|cello|violence","1593742","5725","False"
"-YF2Nl44TIs","I Simulated Our Planet‚Ä¶","2024-02-17T13:00:00Z","UCYmna5rFHIesFteksAvFOfg","Dr. Plants","15","24.22.02","ecosystem|terrarium|dr. plants","1374139","3609","False"
"DerXHgr8Ozo","I Customized YouTube Headquarters!","2024-02-17T16:31:07Z","UClQubH2NeMmGLTLgNdLBwXg","ZHC","24","24.22.02","[none]","2065140","2178","False"
"PgNWkXfIN6A","I Tested KYLIE COSMETICS vs SKKN BY KIM","2024-02-17T15:30:10Z","UCAM2fyCjEdROyELretVTiiw","HopeScope","26","24.22.02","skin|skkn by Kim|kim Kardashian|ruthless review|Kylie cosmetics|honest review|makeup|beauty|viral|trend|Sephora|ulta|eyeshadow|lipgloss|lipstick|Kylie jenner|celebrity brand|celebrity product","1031326","1392","False"
"h_Cz06qJgR4","I Built a Hovercraft","2024-02-17T14:52:00Z","UCrGDhgrJH1G9CVHY1krv5lQ","Jake Carlini","24","24.22.02","hovercraft|hover craft|made of trash","988886","2189","False"
"TbWV7gCPiYc","CG5 - Sleep Well (from Poppy Playtime: Chapter 3)","2024-02-16T23:00:17Z","UCLCdyRg3u5O-EVP5p46QxcQ","CG5","10","24.22.02","cg5|cg5 song|cg5 poppy playtime|poppy playtime song|poppy playtime song cg5|poppy playtime chapter 3|poppy playtime chapter 3 song|sleep well cg5|sleep well poppy playtime","4124139","6973","False"
"Ngiq4T1GApM","Paranoia.com: An Internet Mystery","2024-02-17T00:04:40Z","UCpFFItkfZz1qz5PpHpqzYBw","Nexpo","24","24.22.02","internet mysteries|disney mysteries|paranoia disney|why does paranoia disney|online mysteries","1399037","4963","False"
"KfOAmFQOMsM","UFC 298: Post-Fight Press Conference","2024-02-18T08:24:31Z","UCvgfXK4nTYKudb0rFR6noLA","UFC","17","24.22.02","ufc|mma|ultimate fighting championship|press conference|ufc 298|volkanovski vs topuria|alexander volkanovski|ilia topuria|dana white","1042584","2006","False"
"FgPuAVB8a9A","Mexico‚Äôs $4.5BN Panama Canal Rival","2024-02-17T13:00:58Z","UC6TY36Ys_J6UPKd75TpRuUw","Top Luxury","24","24.22.02","top luxury|megaprojects|construction|panama canal|panama canal history|mexico canal|mexico new canal|mexico new panama canal|mexico new train line|interoceanic corridor mexico|new corridor mexico|mexico train project|interoceanic train|new train mexico|isthmus of tehuantepec|engineering|mexico canal project|interoceanic train mexico|panama canal construction|nicaragua canal|south america canal|longest canal in the world|mexico|ciit mexico","1696674","2365","False"
"d8opPJZJl40","USING APPLE VISION PRO IN THE UK!","2024-02-17T19:30:38Z","UCWZmCMB7mmKWcXJSIPRhzZw","Miniminter","24","24.22.02","simon|sidemen|miniminter|mm7games|random|vlog","2141794","908","False"
"AwBlRsIHtSQ","Stephen Curry vs. Sabrina Ionescu Full 3-Point Challenge | 2024 NBA All-Star Weekend","2024-02-18T03:18:05Z","UC9-OpMMVoNP5o10_Iyq7Ndw","Bleacher Report","17","24.22.02","bleacher report|br|nba|stephen curry|sabrina ionescu|steph curry|sabrina|ionescu|steph|steph curry vs sabrina ionescu|steph curry vs sabrina 3 point contest|curry|3 point contest|3 point challenge|3-point|steph vs sabrina|steph vs sabrina 3 point contest","998062","3387","False"
"nH3_n9w-V4Y","Gunna - Bittersweet [Official Video]","2024-02-16T16:00:22Z","UCAkIMkEaa9sZmjcy7mfd5lQ","Gunna","10","24.22.02","Gunna|YSL|YSL Gunna|Rap Music|Atlanta|Hip Hop|Drip Season|Drip|Fashion|Atlanta Rap|Atlanta Music|Atlanta Rap Music|Worldstarhiphop|The Fader|Wunna|Gunna Bittersweet|Bittersweet Gunna|gunna bittersweet|bittersweet gunna|gunna|bittersweet|bitter sweet|gunna new music|gunna new release bittersweet|bitter|sweet|gunna bitter sweet|bitter sweet gunna|Gunna bittersweet|Gunna - Bittersweet [Official Video]|bittersweet official video","1814481","3657","False"
"fNqU9o4Udy8","I Coded Your Terrible Potion Ideas into Minecraft","2024-02-17T15:00:35Z","UC3wXNek0WLlrsirz2oz-UEQ","Knarfy","20","24.22.02","knarfy|knafy|mods|minecraft|clean|family|friendly|fun|funny|gaming|youtuber|breaking minecraft|breaking|dumb ideas|potions|dumb|food|thanksgiving|goofy|syszee|systemzee|cringygull|garret the carrot|gtcarrot|feritwolf95|coding|custom|feature|new|update|features|narfy","519917","996","False"
"pjW3y8NKVO4","Telling My Family & Friends We‚Äôre PREGNANT!","2024-02-17T15:30:11Z","UCpDjQ4EC6ORXfzRN16Ren2Q","Keeley","24","24.22.02","keeley|keely|keeley elise|jessica kaylee|zachary ryan|ian boggs|ssniperwolf|preston|prestonplayz|prestonreacts|brianna|tbnrfragz|prestongamez|funny","673123","3426","False"
"u15tFmCL4L0","Garten of Banban 7 - Official Teaser Trailer 2","2024-02-17T14:20:29Z","UCzDYgkEUa7tcWFmhfVItiiA","Euphoric Brothers","20","24.22.02","garten of banban devlog|garten of banban ending|poppy playtime|garten of banban gameplay|garten of banban game|garten of banban bosses|garten of banban|garten of banban trailer|garten of banban teaser|garten of banban 6 teaser|garden of banban|garden of banban gameplay|garden of banban trailer|garten of banban 6|garten of banban 6 trailer|garten of banban 5|garten of banban 6 gameplay|garten of banban 7|garten of banban 7 trailer|garten of banban 7 teaser","1581616","9063","False"
"MZz0zXRWRjk","Overnight in the World's Only LEGO Room","2024-02-17T14:30:07Z","UCpQB577lHFyWTyvrS73Ldlg","Brick Science","24","24.22.02","LEGO|Legos|LEGO Room|TD Bricks|Brick Science|Overnight in the worlds only lego room|LEGO Challenge|LEGO Overnight Challenge|brick science lego room overnight|brick science lego bed|LEGO Bed|Sleeping on a LEGO Bed|LEGO Room video|LEGO House|LEGO Moc|DIY|Funny|LEGO tutorial|LEGO Pillow","1045347","1137","False"
"uirF_9Ujl70","DO NOT DOWNLOAD This Cute Pink Virtual Pet ...it HACKED my Computer, OPENED my Camera, & DOXXED ME!!","2024-02-17T16:15:02Z","UCeBnbqt4VRhotq2TQjkIi2A","LaurenZside","20","24.22.02","laurenzside|Laurenzside of Gaming|funny girl gamer|Kinitopet|do not download|do not play|cute but creepy|gloom|robertidk|virtual pet|pink|hacked|doxed|doxxed|webcam","800311","3989","False"
"mIAeQcuZfUE","I Raced MY BROTHER to UNREAL Rank! ft Clix & Typical Gamer","2024-02-17T15:00:40Z","UCNAz5Ut1Swwg6h6ysBtWFog","TBNRFrags","20","24.22.02","fortnite|challenge|funny|comedy|family|family friendly|preston fortnite|bronze to unreal","471717","252","False"
"YvMyAOpSx04","Smoothie Night ...?","2024-02-16T23:31:47Z","UCepPGz8AVCbggMl3BvboaBA","brewstewfilms","23","24.22.02","brewstew|cartoon|storytime|funny story|stick figure|adobe flash|flash animation|smoothie|blender|magic bullet|magic bullet infomerical|infomercials|fruit smoothies","1055429","3195","False"
"6NL2k3mOi1I","TRENDY TOYS in LEGO...","2024-02-16T16:59:48Z","UCUU3GdGuQshZFRGnxAPBf_w","TD BRICKS","24","24.22.02","lego|lego set|lego sets|lego minifig|lego minifigure|lego builder|lego masters|lego movie|lego nerf gun|lego rubix cube|lego barbie|lego RC car|lego finger board|lego tech deck|lego bey blades|lego kinder egg|lego tonka truck|lego yoyo|lego uno reverse card|lego uno card|lego hula hoop|lego fidget|lego fidget spinner|lego stop motion|lego build|lego moc|lego creation|lego challenge|lego meme|lego funny","2904002","3513","False"
"ttl_kf1y2gU","As We Speak (feat. Drake) [Official Audio]","2024-02-17T17:01:36Z","UCV4UK9LNNLViFP4qZA_Wmfw","Yeat Music","10","24.22.02","yeat|yeet|2093|future|lil wayne|bnyx|idgaf|money so big|out the way|drake|drizzy","569379","2746","False"
"c2J0HD2oYNI","The FULL 2024 NBA #Starry3PT Contest üéØ | 2024 #NBAAllStar","2024-02-18T03:03:26Z","UCWJ2lWNubArHWmf3FIHbfcQ","NBA","17","24.22.02","Basketball|G League|NBA","2972163","1832","False"
"6COuAtzyoTE","sports 2","2024-02-17T00:42:25Z","UCOsATJw-IZgqGT8MFrHjKGg","Ice Cream Sandwich","23","24.22.02","[none]","1127352","3598","False"
"G6GvDjDtrPA","Polo G - Sorrys & Ferraris (Official Video)","2024-02-16T05:00:08Z","UC0ifXd2AVf1LMYbqwB5GH4g","Polo G","10","24.22.02","Polo G|PoloG|PoloCapalot|Polo Capalot|HoodPoet|Hood Poet|Sorrys and Ferraris|Sorrys & Ferraris","3210351","6530","False"
"UOf6CMbHPuA","Billy Joel - Turn the Lights Back On (Official Video)","2024-02-16T13:30:12Z","UCELh-8oY4E5UBgapPGl5cAg","billyjoelVEVO","10","24.22.02","New York|New York Icons|Madison Square Garden|Billy Joel MSG|Billy Joel Live|Billy Joel through the years|Piano man|The Piano Man|Turn The Lights Back On|TTLBO|Billy Joel New Song|Billy Joel First Song in Decades|Billy Joel|Turn the Lights Back On","1369531","4016","False"
"FW22kjubkik","Bowsprit Step / Turning Lignum Vitae on a lathe","2024-02-17T18:00:13Z","UCg-_lYeV8hBnDSay7nmphUA","Sampson Boat Co","22","24.22.02","[none]","357270","1140","False"
"0UdXsm9gJ-s","I Tried Houdini's Deadliest Trick","2024-02-16T15:58:13Z","UCGGZ_POGmIWG1pQXTDzQv-g","Michelle Khare","24","24.22.02","[none]","1780044","3371","False"
"PSC4TcLJfAg","Miley Cyrus - Flowers (LIVE at the 66th Grammys)","2024-02-15T22:05:13Z","UCdI8evszfZvyAl2UVCypkTA","MileyCyrusVEVO","10","24.22.02","Miley|Miley Cyrus Flowers|can love me better|can buy myself flowers|can love me better than you can|Miley Liam|Miley Grammy|Miley Grammy performance|Miley flowers live|Album|Bittersweet|Chill|Empowered|Feeling Good|Flowers|Groovy|Miley Cyrus|Single|Upbeat","8758645","7772","False"
"JAiomwAQRM4","Fake Mechanic Swaps Cars With Counterfeit Model | GTA 5 RP","2024-02-16T15:15:01Z","UCk9xNdmgY8im4RDCops9YYw","Treyten","20","24.22.02","gta 5|gta rp|roleplay|fake mechanic|stealing cars|grand theft auto|gta 5 mods|real life mod|swapping cars|gtf 5|Treyten|RedlineRP","938231","499","False"
"gB5SiTKBfyQ","ENHYPEN covers ‚ÄúI NEED U‚Äù by BTS | K-Pop ON! First Crush","2024-02-17T03:00:08Z","UCnvajgaZO1bjqLpQ6l77lcg","K-Pop ON! Spotify","10","24.22.02","ENHYPEN|ÏóîÌïòÏù¥Ìîà|ÏóîÌïòÏù¥Î∏ê|ÌïòÏù¥Î∏å|HYPE|HYBE|JUNGWON|HEESUNG|JAY|JAKE|SUNGHOON|SUNOO|NI-KI|ORANGE BLOOD|Ïò§Î†åÏßÄ Î∏îÎü¨Îìú|Mortal|Sweet Venom|Still Monster|Blind|Orange Flower|Ï†ïÏõê|Ìù¨ÏÑ±|Ï†úÏù¥|Ï†úÏù¥ÌÅ¨|ÏÑ±Ìõà|ÏÑ†Ïö∞|ÎãàÌÇ§|Ïä§Ìè¨Ìã∞ÌååÏù¥|Ïä§Ìè¨Ïù¥ÌååÏù¥ ÏºÄÏù¥Ìåù|Ïä§Ìè¨Ìã∞ÌååÏù¥ ÏóîÌïòÏù¥Ìîà|ÏóîÌïòÏù¥Ìîà ÏºÄÏù¥ÌåùÏò®|ÏóîÌïòÏù¥Ìîà Ïò®ÏºÄÏù¥Ìåù|ÏóîÌïòÏù¥Ìîà ÏáºÏ∏†|Spotify|Spotify ENHYPEN|K-Pop ENHYPEN|Spotify K-Pop|ENHYPEN Interview|ENHYPEN Shorts|ENPYHEN|K-Pop ON! First Crush|K-Pop ON!|ÏóîÌïòÏù¥Ìîà Ìã∞Ï†Ä|BTS|I NEED YOU|Î∞©ÌÉÑÏÜåÎÖÑÎã®|Î∞©ÏãúÌòÅ|BTS Cover|ENHYPEN Cover|ÏóîÌïòÏù¥Ìîà Ïª§Î≤Ñ|Î∞©ÌÉÑÏÜåÎÖÑÎã® Ïª§Î≤Ñ|I NEED U Cover|ÏïÑÎãàÏ•¨ Ïª§Î≤Ñ","1943457","10294","False"
"pv3Ss8o9gGQ","Marvel Animation's X-Men '97 | Official Trailer | Disney+","2024-02-15T14:00:10Z","UCvC4D8onUfXzvjTOM-dBfEA","Marvel Entertainment","24","24.22.02","marvel|comics","8112398","26708","False"
"UcsSdIXHCWM","Drake ft. Sexyy Red & SZA - Rich Baby Daddy (Official Music Video)","2024-02-14T23:00:27Z","UCQznUf1SjfDqx65hX3zRDiA","DrakeVEVO","10","24.22.02","Drake|Rich|Baby|Daddy|OVO/Republic|Hip|Hop","8267895","19433","False"
"qfdvJtr4qyg","LE SSERAFIM (Î•¥ÏÑ∏ÎùºÌïå) 'EASY' MV TEASER 2","2024-02-17T15:00:01Z","UC3IZKseVpdzPSBaWxBxundA","HYBE LABELS","10","24.22.02","HYBE|HYBE LABELS|ÌïòÏù¥Î∏å|ÌïòÏù¥Î∏åÎ†àÏù¥Î∏îÏ¶à","2504043","3702","False"
"2cU5QBPY4ds","I Have to Talk About This...","2024-02-16T19:00:31Z","UCCqEeDAUf4Mg0GgEN658tkA","Chris Stuckmann","24","24.22.02","Madame Web|Chris Stuckmann|Sony|Studios|Industry|Writers|Directors|Strikes|WGA|SAG|Spider-Man|Venom|Spiderverse|S.J. Clarkson|Dakota Johnson|Sydney Sweeney|Isabela Merced|Celeste O'Connor|Kraven the Hunter|Venom: Let There Be Carnage|Spider-Man 3|The Amazing Spider-Man|Marvel|Clip|Scene|Trailer|Teaser|Pepsi|2024","624824","10431","False"
"wW2z8oj9Jnk","Hermitcraft 10: Episode 4 - THE STARTER HOUSE!","2024-02-17T18:00:33Z","UCR9Gcq0CMm6YgTzsDxAxjOQ","Grian","20","24.22.02","hermitcraft season 10|grian|episode 4","1837763","5618","False"
"A_ugwjjwOUE","I Survived 100 Days as DIAMOND TITAN in HARDCORE Minecraft!","2024-02-16T21:00:10Z","UCYPYEhWUvvKFgmgkLACagXA","MaxCraft","20","24.22.02","[none]","1057238","511","False"
"2OZbV8CHKI0","The Hermitcraft Mail Delivery System! - Hermitcraft 10 #3","2024-02-16T14:46:20Z","UC4YUKOBld2PoOLzk0YZ80lw","Tango Tek","20","24.22.02","[none]","507482","2004","False"
"QWOHZhBi6SY","Cookie Clicker: AAAAAHHHHH","2024-02-16T11:09:48Z","UCVEUCWGFB_-ojubEDjts2nA","Dragoon","20","24.22.02","[none]","1499002","2593","False"
"iiBdHTpbJ68","Anuel AA - TACOS GUCCI (Video Oficial)","2024-02-16T01:00:09Z","UCRI7hheejBbWS6etTNwMT0g","Anuel AA","10","24.22.02","Anuel AA|anuel|Free anuel|Emmanuel|Real hasta la muerte|New Music|Reggaeton|Trap|Latin Trap|2022|Las Leyendas Nunca Mueren|Las Leyendas Nunca Mueren 2|LLNM|LLNM2|anuel aa|ANUEL|new album|nuevo album","22804011","15629","False"
"kLo7Okqv7tc","I Went To The Super Bowl","2024-02-17T16:00:26Z","UCnmGIkw-KdI0W5siakKPKog","Ryan Trahan","24","24.22.02","Ryan|Trahan|super bowl|dad|Access Pass|I went to the super bowl|chiefs|49ers|NFL","2604036","10012","False"
"Xa6DZCTm3c0","A Tu Manera","2024-02-15T10:00:31Z","UCwA5HHGsAlpU1UlhwWD52uA","Junior H - Topic","10","24.22.02","Junior H|Peso Pluma|A Tu Manera","1128502","1214","False"
"NCmp7AV8O9s","KAROL G, Ti√´sto - CONTIGO (Official Video)","2024-02-15T00:00:06Z","UCz9yS18zJGQObwUL_K-ICnw","KarolGVEVO","10","24.22.02","Karol|karolg|la bichota|bichota|bichota season|amargura|tqg|ma√±ana sera bonito|provenza|mamiii|barbie|karol nicki minaj|mi ex tenia razon|qlona|karol|s91|bad bunny|becky|shakira|ovy on the drums|reggaeton|reggaeton colombiano|pop latino|msb|young miko|miko|labios mordidos|kali uchis|msb tour|msb latam tour|msb europe|tiesto|leona lewis|keep bleeding|ryan tedder|wiggy|classy 101|bzrp young miko","20117361","39828","False"
"ZjBZ8MUnB0E","Dua Lipa - Training Season (Official Music Video)","2024-02-15T23:00:21Z","UC-J-KZfRV8c13fOCkhXdLiQ","Dua Lipa","10","24.22.02","dua lipa|dua|new rules|dua leepa|idgaf|scared to be lonely|be the one|future nostalgia|don't start now|let's get physical|break my heart","6053414","11620","False"
"r6vz9ym3Qso","Ariana Grande - yes, and? with Mariah Carey (official lyric video)","2024-02-16T05:01:44Z","UC9CoOnJkIBMdeijd9qYoT_g","Ariana Grande","10","24.22.02","yes and|yes and ariana grande|ariana grande yes and|ariana grande|ariana grande yes and music video|music video yes and ariana grande|new ariana grande|ariana grande new|ariana grande music video|ariana grande yes and single|say that shit with your chest|be your own fucking best friend|yes and lyric video|lyric video yes and|ariana grande yes and lyric video|mariah carey|ariana grande and mariah carey|ariana and mariah|yes and ariana grande and mariah carey","1706973","11614","False"
"z_BKf5cdV_w","Skull and Bones - Review","2024-02-16T12:56:55Z","UCZ7AeeVbyslLM_8-nVy2B8Q","Skill Up","20","24.22.02","skill up|skill|up|gameplay|games|guide|xbox|pc|sony|playstation|gaming|skull and bones|skull and bones review|skull and bones gameplay|skull and bones game|skull and bones trailer|skull and bones release date|skull and bones details|skull and bones ps5|skull and bones video game|skull and bones xbox|review|skull and bones combat|skull and bones vs black flag|assassin's creed black flag|black flag|pirate games|sea of thieves vs skull and bones|sea of thieves","704545","4925","False"
"h0P3VM0mhg4","Grupo Frontera - Qu√©date Beb√© (Video Oficial)","2024-02-16T02:49:49Z","UCKsN6xyJ2w8g7p4p9apXkYQ","Grupo Frontera","10","24.22.02","Grupo Frontera Qu√©date Beb√©|grupo frontera|quedate bebe|quedate|Qu√©date|quedate bebe grupo frontera|ahi estan los tikets que compre pa nueva york|quedate beb√© video oficial","3004677","1788","False"
"RvGlkQKipGo","College Football 25 | Official Teaser Trailer","2024-02-15T16:02:45Z","UCT4wAMwETXqDf-U_DVuqabA","EA SPORTS College","20","24.22.02","college football|college football 25|college football 25 trailer|college football reveal|college football announce|cfb|cfb 25|cfb 25 trailer|cfb teaser|cfb 25 reveal|cfb 25 announce|college football release date|college football 25 game|ea sports|ea sports cfb|ea sports college football|road to glory|dynasty|cfb 25 gameplay|college football 25 gameplay|cfb 25 cover|college football 2025|college football teaser|college football teaser trailer|ncaa","834546","4294","False"
"qqrpMRDuPfc","Godzilla x Kong: The New Empire | Official Trailer 2","2024-02-14T17:00:47Z","UCjmJDM5pRKbUlVIzDYYWb6g","Warner Bros. Pictures","1","24.22.02","2024|Adam Wingard|Brian Tyree Henry|Coming Soon|Dan Stevens|Godzilla|Godzilla x Kong|Godzilla x Kong: The New Empire Kong|Jeremy Slater|King Kong|Legendary|Mini Kong|Monsterverse|Movie|Rebecca Hall|Simon Barrett|Skar King|Terry Rossio|Trailer|WB|Warner Bros|Warner Bros Discovery|Warner Brothers","23072811","28697","False"
"vinxqZfAb0k","Ajii's Emotionally Charged Performance of 'Lose Control' by Teddy Swims - American Idol 2024","2024-02-17T15:00:52Z","UCAMPco9PqjBbI_MLsDOO4Jw","American Idol","24","24.22.02","American Idol|singing competition|Katy Perry|Ryan Seacrest|Luke Bryan|Lionel Richie|covers|sing|ABC|auditions|American Idol 2024|Ajii|Lose Control|Teddy Swims","719828","684","False"
"0gG1UFrnGsE","ScHoolboy Q - Yeern 101 (Official Music Video)","2024-02-15T17:00:02Z","UCLi6DTUnJdDOUkWu0szfI0g","ScHoolBoyQVEVO","10","24.22.02","ScHoolboy|Yeern|101|Top|Dawg|Entertainment/Interscope|Records|Hip|Hop","1091618","2874","False"
"krsBRQbOPQ4","$1 vs $250,000,000 Private Island!","2024-01-27T17:00:00Z","UCX6OQ3DkcsbYNE6H8uQQuVA","MrBeast","24","24.22.02","[none]","137370161","98129","False"
"mYeBSUeu0O8","Trump‚Äôs $355M Penalty: New York Lawyer Breaks Down the Impacts | WSJ","2024-02-17T18:42:25Z","UCK7tptUDHh-RYDsdxO1-5QQ","The Wall Street Journal","25","24.22.02","trump|trump news|trump civil fraud|trump indictments|donald trump|new york|new york news|trump civil fraud trial|trump penalty|trump civil fraud case|eric trump|politics|the trump organization|trump fraud|trump misrepresents wealth|financial gain|lawyer|lawyer explains|trump business|trump verdict|trump tower|trump shuttle|trump charges|president trump|trump legal issues|doanld trump payments|u.s. news|real estate|real estate empire|usnews","707402","3194","False"
"ybAU4bPU6Yk","Caitlin Clark's record-breaking shot","2024-02-16T01:24:36Z","UCLQZYp8Lf3Qx6taakodOk8g","WHO13","25","24.22.02","video","307586","239","False"
"XgC0cVVsoqU","Hermitcraft 10: Underwater Storage Room Design! Ep. 4","2024-02-17T14:29:32Z","UCUBsjvdHcwZd3ztdY1Zadcw","GeminiTay","20","24.22.02","Minecraft|GeminiTay|hermitcraft|hermitcraft season 10|hermitcraft 10 geminitay|hermitcraft base|minecraft storage room|minecraft storage room design|underwater storage room minecraft|minecraft 1.20 lets play","490935","1309","False"
"h_7S4gLPZ34","Lil Tecca, The Kid LAROI & Lil Skies - This My Life (Directed by Cole Bennett)","2024-02-15T17:00:09Z","UCtylTUUVIGY_i5afsQYeBZA","Lyrical Lemonade","24","24.22.02","lil skies|lil tecca|the kid laroi|diva|lyrical lemonade|nowadays|red roses|ransom|cole bennett|all is yellow|music video|hip hop|rap|yellow tie|yellow curtain","1608563","2950","False"
"wWR0VD6qgt8","Chris Brown - Angel Numbers / Ten Toes (Official Video)","2024-02-14T20:00:08Z","UCm1dsgJNnhaLkY3uAdqN4mA","ChrisBrownVEVO","10","24.22.02","Angel Numbers/Ten Toes|11:11|Views|Closer|Red Flags|Feelings Don‚Äôt Lie|Need Friend|Stutter|Make Up Your Mind|Bouncing/G5|Moonlight|Midnight Freak|Messed Up|Very Special|Nightmares|Shooter|No One Else|Best Ever|Feel Something|That‚Äôs On You|Press Me|Fridayy|Sensational|Davido|Lojay|Maeta|Justin Bieber|Byron Messia|Under the Influence|Superhero|Metro Boomin|No Guidance|Drake|Forever|Go Crazy|Monalisa|New","4571039","19042","False"
"KGlD9SO3rKU","Updates on the Xbox Business | Official Xbox Podcast","2024-02-15T20:00:18Z","UCjBp_7RuDBUYbd1LegWEJ8g","Xbox","20","24.22.02","Xbox|Xbox One|Xbox Series X|Xbox Series S|Official Xbox Podcast","591653","3677","False"
"mjHCHce5IN0","Behind the Scenes with Jung Kook | Calvin Klein Spring 2024 Campaign","2024-02-16T15:04:16Z","UCuf6cvFcYdpHZ_EjSIcBZlg","Calvin Klein","26","24.22.02","[none]","679200","2918","False"
"ZZQJoqAzY-k","getting brutally run over in my summer car","2024-02-15T23:14:30Z","UCZi0oII2ua_I-fEnHdg3U2A","martincitopantsLIVE","22","24.22.02","[none]","761000","1108","False"
"LnKOMTDTizc","Mechanic Reacts to German Engineering Fails","2024-02-15T20:00:20Z","UC_I2tZMUZTs6z6przhH32hA","Real Mechanic Stuff","2","24.22.02","real mechanic stuff|mechanics react|real mechanics|donut media|donut|james pumphrey|jeremiah burton|nolan sykes|zach jobe|justin freeman|mechanic|react|just rolled into the shop|car fails","1174293","4594","False"
"Bn_5uH5kUAU","Season 4, Episodes 4-6 Trailer","2024-02-15T14:21:58Z","UCBXOFnNTULFaAnj24PAeblg","The Chosen","24","24.22.02","the chosen|the chosen tv series|bingeJesus|GetUsedtoDifferent|Faith-based|Bible show|Bible study|Christianity|church|Jesus show|what to watch|tv show|filmmaking","493020","958","False"
"dzYG9Z2gEBI","My DEADLIEST Act on America's Got Talent Fantasy League","2024-02-15T20:00:21Z","UCF0_hwTeQ73IhJuEtsUbEtA","Sofie Dossi","24","24.22.02","sofie dossi|america's got talent 2016|agt|contortionist|acrobat|Fantasy League|America's got talent 2024|friends react|americas got talent|FINALS|stunt","825372","1606","False"
"uHQy_rDzvWQ","Whistlin Crashed My AC-130 In 1mph Winds (Random Extra Footage From HeavyD's Cabin)","2024-02-15T20:53:49Z","UCMJbbWyIziiUamP5JKK9yAA","Cleetus2 McFarland","2","24.22.02","[none]","515299","744","False"
"OFBJXSby9gc","AC Milan vs. Rennes: Extended Highlights | UEL Play-offs 1st Leg | CBS Sports Golazo","2024-02-15T22:16:19Z","UCf8YPuOWXlpTS7RibaJlP4g","CBS Sports Golazo - Europe","17","24.22.02","[none]","153951","161","False"
"eBTTO5_zdgU","Lil Tjay - Good Life (Official Video)","2024-02-14T23:45:05Z","UCEB4a5o_6KfjxHwNMnmj54Q","Lil Tjay","10","24.22.02","[none]","1956181","3856","False"
"YjCtucn29JQ","Brent Faiyaz - WY@ [Official Music Video]","2024-02-14T17:00:10Z","UCtdVC7nSYNOpKroA5JicNig","Brent Faiyaz","10","24.22.02","brent faiyaz|r&b|brent faiyaz wy@|brent faiyaz wy@ official video|brent faiyaz new video|new brent faiyaz|brent faiyaz video|wy@ official|wy@ brent faiyaz|brent faiyaz lupita|lupita nyong'o|brent faiyaz lupita nyong'o|lupita myong'o video|lupita nyong'o video|lupita nyongo|brent faiyaz music|brent faiyaz r&b|brent faiyaz rnb|brent faiyaz new|brent faiyaz new music|brent faiyaz songs","1374110","2257","False"
"x4pyZl-zwck","Fani Willis' dad full testimony","2024-02-16T17:50:15Z","UCzF4Ryn8TKn64md77gS5Q5Q","11Alive","25","24.22.02","Fani|Fani Willis|Fani Willis dad|Fani Willis hearing|Fani hearing|Georgia Trump|Georgia Trump case|John C Floyd III|Roy Barnes|Trump|Trump Georgia","696838","7712","False"
"hxto08uuDRw","The 9 Month Cruise Drama","2024-02-15T05:14:12Z","UCpmvp5czsIrQHsbqya4-6Jw","Chad Chad","23","24.22.02","[none]","1387299","3082","False"
"8wt_Y5_MJ4o","Chiefs Are Repeat Super Bowl Champs, Vegas Vacations and Wild After Parties | Ep 78","2024-02-14T14:30:10Z","UCVRm2Ho8cL3lvWDyp2ayuFw","New Heights","17","24.22.02","New Heights|NFL|Shorts|Football|Jukes|Travis Kelce|Kansas City|Chiefs|Jason Kelce|Philadelphia|Eagles|Kansas City Chiefs|Philadelphia Eagles","3431568","7507","False"
"vhYrLQ6pphs","50 singles speed date in front of strangers | vs 1","2024-02-14T17:00:51Z","UCQCKnN9inc30A9f7IYP5_QA","nectar","24","24.22.02","versus 1|versus 1 nectar|versus 1 jubilee|versus 1 jubilee nectar|online dating|dating show|dating tv show|dating internet|internet dating|nectar dating|nectar jubilee|dating|love|jubilee|soulmate|loveprint|nectarapp|nectar app|AWPO|AWEO|RWPO|RWEO|AWPG|AWEG|AIPO|RWPG|AIEO|RWEG|RIPO|RIEO|AIPG|AIEG|RIPG|REIG|hot couple|love is blind|epic|nut|love island","1920652","5590","False"
"KmhAQJqOaIY","BossMan Dlow - Get In With Me (Official Video)","2024-02-13T23:00:11Z","UC1NZP8d-VFjV-kKSo6lDBig","BossMan Dlow","22","24.22.02","#bossmandlow","2095402","2484","False"
"udJ9EG1lAME","SIDEMEN MAFIA BUT THERE'S A MEDIC ROLE","2024-02-15T19:00:33Z","UCh5mLn90vUaB1PbRRx_AiaA","MoreSidemen","22","24.22.02","sidemen|moresidemen|miniminter|ksi|zerkaa|behzinga|tbjzl|vikkstar|wroetoshaw","2387249","1427","False"
"nXyZFHVOEEw","Rebuilding An Abandoned Porsche 911 Turbo In 24 Hours (Then Giving It Away)","2024-02-15T01:30:19Z","UCvAhDxNNUDhi78tMXVGBUaQ","Tavarish","2","24.22.02","aston martin|mercedes|amg|hyundai|bmw|lamborghini|ferrari|toyota|supra|mr2|sw20|3sgte|2jz|1jz|sl55|r230|r231|m113k|vantage|v8|v12|v10|v6|gallardo|turbo|cheap|budget|diy|wrench everyday|doug demuro|chrisfix|hoovies garage|tavarish|jalopnik|mightycarmods|motor trend|roadkill|hack|bendpak|tools|lift|4 post|2 post|quick jack|welding|how to|tutorial|porsche|996|rebuild|mat armstrong|gt3|giveaway|free car|997|991|992","1073453","2450","False"
"G3H0x-_HNjk","HELLDIVERS 2 is already a masterpiece...","2024-02-15T15:15:59Z","UCOt5hVyS2-nbcJ3_FP41Ajg","Tomographic","20","24.22.02","helldivers 2|helldivers 2 gameplay|new games 2024|helldivers 2 review|shooter game|coop games|best coop games|new steam games|game of the year|helldivers|tomographic","765631","949","False"
"n28xgaiXy8g","Riot & Set it off [Official Music Video]","2024-02-17T01:00:02Z","UCV4UK9LNNLViFP4qZA_Wmfw","Yeat Music","10","24.22.02","[none]","716989","2507","False"
"_iTUaDp-FeI","UV light kills viruses. Why isn't it everywhere?","2024-02-15T13:00:34Z","UCLXo7UDZvByw2ixzpQCufnA","Vox","25","24.22.02","Disinfectant|Germicide|UV|UV Germicide|Vox.com|bacteria|explain|explainer|future perfect|germs|light|pandemic|pandemic response|science|technology|ultraviolet light|viruses|vox|far-uv|uv-c","761208","846","False"
"kPFyZqZ1bgg","G Herbo - My Baby (Official Audio)","2024-02-15T00:00:11Z","UCV0pIPt5HFfulonNog3cz1A","G Herbo","10","24.22.02","G herbo|g herbo 2020|g herbo official|g herbo music|swervo|strictly 4 my fans|g herbo ptsd|survivors remorse|rap music|hip hop|chicago rap|Mariah Carey|Mariah Carey My Baby|Bossman DLow|Bossman Dlow Get In With Me|G Herbo Get In Wit Me","258393","554","False"
"QS01z1mkWYM","skibidi toilet 70 (part 3)","2024-02-13T20:30:09Z","UCsSsgPaZ2GSmO6il8Cb5iGA","DaFuq!?Boom!","24","24.22.02","sfm animation|skibidi toilet vs cameramen|skibidi toilet|scientist skibidi|tv woman|titan cameraman|titan speakerman|skibidi toilet all episodes|titan tv man","39899833","180271","False"
"qq2bItiq2WI","Oracle Red Bull Racing 2024 Season Launch","2024-02-15T20:00:56Z","UCQIyqMWCdx1GBvbw_Yi6lEA","Oracle Red Bull Racing","17","24.22.02","Red Bull Racing|Red Bull F1|Red Bull Red Bull F1|Red Bull|Daniel Ricciardo|Max Verstappen|Formula One|Sebastian Vettel|Mark Webber|F1|Lewis Hamilton|Ferrari|Valterri Bottas|Kimi Raikkonen|Fernando Alonso|McLaren|motorsport|racing|F1 2024|RB20|RB 20|Red Bull 2024|Checo Perez|Verstappen 2024|F1 2023|F1 Highlights|F1 Car Launch|Red Bull Car Launch|F1 Season Preview|F1 Video|F1 News|F1 Car Reveal|Red Bull Car Reveal|F1 Livery Reveal|Motorsports","789784","603","False"
"r1i2DEEvYSw","Madame Web - SPOILER Talk!","2024-02-15T14:00:39Z","UC7v3-2K1N84V67IF-WTRG-Q","Jeremy Jahns","24","24.22.02","madam web|spoiler talk|spoiler review|review|movie review|marvel|sony|spider|madame web|sucks","461575","2412","False"
"Nhh3sYsiIyk","THE MASKED MAN CAME BACK! ($50,000 ALL-STAR 1ON1'S)","2024-02-13T21:20:01Z","UC4mLlRa_dezwvytudo9s1sw","Deestroying","24","24.22.02","Deestroying|1on1|Superbowl|Highlights|Masked killa|1v1|Football|Football tik toks|Wide receiver|DB|champ 1on1's|winner 1on1|all star 1on1's","4076941","3366","False"
"p7jSwfdDOXs","GRUFF | Official Teaser | Righteous Robot","2024-02-14T08:00:09Z","UC5qFBTCSYO6Pc69bZk9CmfQ","Righteous Robot","1","24.22.02","[none]","1519189","6024","False"
"Hn8iGjaNZi4","Dime Si Tu - Yeri Mua X Jey F (Video oficial)","2024-02-15T00:00:08Z","UCyfGgQNDaPiMNEqjOGsIrMA","Fullbrand Music","24","24.22.02","alandazmel|mexico|trap|salsa|229|lonuevo|hit","3114829","6542","False"
"G1YYuYv1AP4","I BOUGHT THE CHEAPEST FERRARI IN THE WORLD- NEW PROJECT REVEAL","2024-02-15T14:00:11Z","UCwd7pERggUt7qrBY_keAr_g","Vin_ tra","2","24.22.02","SUPERcar|ferrari|exoticcar|dailydrivenexotics|automotive|carvlog|dreamcar|hoonigan|projectcar|damon fryer|cheap ferrari|vin anatra|vinny anatra|vin_tra|vintra|burnout|ferrari 599|gated manual|manual swap|burnyard|the block|compton|used cars|car deals|car buying|car financials|project car|cheap car|car build|LA traffic|los angeles|los angeles traffic|Zac hoonigan|hoonigan dead|360 modena|360 challenge|exotic|Dave DDE|Vin Hoonigan|Damon DDE","280972","1124","False"
"7KdB6XooJlE","Dthang - Smoochie Valentine (Official Music Video)","2024-02-14T05:00:53Z","UCuwwf1iJ7i-lalgHG0r2OJQ","Dthang Gz","22","24.22.02","[none]","1364360","2951","False"
"EsBHl6kHFog","No Man's Sky: Omega Update Trailer","2024-02-15T13:59:34Z","UCGKx5XhGuf09VERiw_QIemA","HelloGamesTube","20","24.22.02","nms|no mans sky|no man's sky|no man sky|nomanssky|nomansky|nms update|no mans sky update|nms omega|no man's sky omega|omega|no mans sky omega|no mans sky gameplay|no man sky gameplay|nms glyphs|no mans sky mods|starfield|starfield gameplay|subnautica|no mans sky ps5|no mans sky vr|elite dangerous|hello games|sean murray|light no fire|no mans sky ps4|star citizen|astroneer|cyberpunk 2077|valheim gameplay|sea of thieves|no mans sky 2024","494662","1070","False"
"P_JCjNNdYsU","We're Engaged!","2024-02-16T00:51:30Z","UCEjIjshJ8bvvCkGNk0pkYcA","Jesse James West","17","24.22.02","engagement|engaged|jesse and claudia proposal|jesse and claudia|proposal|married|claudia walsh|jesse james west|claudia and jesse|proposal video|wedding|i asked my girlfriend to marry me|asking my girlfriend|jesse james|fiance|engagement video|fitness|health|love|relationship|cute engagment|couple","925812","2165","False"
"ERwMZZ-L1To","I‚ÄôM PREGNANT!","2024-02-14T23:25:04Z","UCpDjQ4EC6ORXfzRN16Ren2Q","Keeley","24","24.22.02","keeley|keely|keeley elise|jessica kaylee|zachary ryan|ian boggs|ssniperwolf|preston|prestonplayz|prestonreacts|brianna|tbnrfragz|prestongamez|funny","700076","7105","False"
"FN6X63jfzHk","Speedrunning to find a Girlfriend (in Infinite Craft)","2024-02-14T02:12:12Z","UC0VVYtw21rg2cokUystu2Dw","SmallAnt","20","24.22.02","[none]","2107971","2498","False"